Price_in_thousands,Engine_size,Horsepower,Wheelbase,Width,Length,Curb_weight,Fuel_capacity,Fuel_efficiency,Power_perf_factor,Vehicle_type
54.33,2.97,268,110,75.9,156.5,4552.6,19.1,22,58.87,Sedan
114.83,3.37,246.4,122.3,67.8,154.3,3837.2,10.6,13.8,64.21,Truck
91.86,5.27,163.4,113.1,70.2,192.3,5858,19.2,15.1,27.89,SUV
77.86,2.7,391.9,89.2,74.9,217.6,2875.9,11.3,17.2,136.27,Sedan
31.38,5.35,322.6,94.3,72.2,185.2,4351.4,20.7,18.1,74.14,SUV
31.38,1.44,528.8,96,76.1,153.6,4800.8,15.9,19.7,110.15,Hatchback
21.1,4.88,87,97.9,79.4,165.5,5302.3,22.6,20.2,16.41,SUV
105.95,5.24,411.3,113.3,66.7,167.1,3627.9,24.1,28.2,113.37,SUV
78.12,1.91,474.4,110.2,75.6,173.6,4747.7,16.3,30.4,99.92,Hatchback
89.35,3.15,472.5,95.2,68.5,153.1,3212.8,16.9,22.4,147.07,Truck
17.16,1.83,539.6,88.4,71.2,213.3,3741.9,18.9,46.3,144.2,Hatchback
116.84,4.53,456.4,93.6,65.5,186.1,5582.5,13,32.1,81.76,SUV
102.41,3.68,561.7,134.2,67,197,5799.6,23.9,41.5,96.85,SUV
37.3,4.18,246.3,108.4,69.8,154.7,4875.3,16.5,47,50.52,SUV
34.09,1.98,336.7,128.4,70.1,153.8,3497.4,12.5,16.5,96.27,Hatchback
34.26,2.06,77.5,127.4,78.5,191.1,5280.2,21.4,27.1,14.68,SUV
46.95,1.21,73.7,110.6,76.1,212.1,2103.5,13.3,27.3,35.04,Hatchback
70.1,2.61,197.3,120.3,79.6,187,2411,12.2,24.2,81.83,Sedan
60.35,3.8,123.4,94.6,74,211.4,4645.5,18.4,10.4,26.56,Truck
45.58,5.29,207.9,119.4,68.6,206.8,3165,20.1,42.6,65.69,SUV
79.24,4.33,163.8,98.6,69.9,155.3,5805.5,18.5,14.5,28.21,SUV
29.65,3.18,85.1,126.6,69.8,164.1,3744.2,19.8,49.8,22.73,Truck
45.68,5.77,551.9,89.2,69.9,196,3717.5,11.7,40.9,148.46,SUV
53.47,4.6,74.4,123.7,75.1,181,4712.3,17.1,33.2,15.79,SUV
62.89,5.65,460.1,90,73,170.3,5070.3,15.4,16.2,90.74,SUV
97.44,3.64,150.6,129.1,70.8,179.3,3902.2,24.6,30.6,38.59,Truck
35.97,2.29,553.5,100.2,67.2,181.2,2856,10.7,20.4,193.8,Sedan
68.99,1.26,543.2,117.7,,213.7,5093.2,14.5,20.1,106.65,SUV
77.2,4.63,416.6,109.4,68.3,157.2,3281.4,24.1,43.2,126.96,SUV
19.88,1.61,426.3,103.3,66.6,169.6,2700.4,24.8,25.2,157.87,Hatchback
78.79,2.51,,117.3,76.8,187.6,4526.6,22.4,28,16.08,Sedan
32.91,3.66,592,132.4,66.7,198.9,2361.8,11.1,43.7,250.66,Truck
21.83,3.82,535.3,87.1,75.9,194.1,5885.4,18.4,13.5,90.95,SUV
114.63,4,544.4,130.9,70.8,215.9,4529.6,16,,120.19,Truck
116.39,1.83,419.4,115.5,66.1,205.7,5943.6,22.1,33.1,70.56,SUV
99.88,2.9,252.7,125.4,77.2,189,3355.6,10.8,27,75.31,Sedan
46.98,4.09,543.6,104.2,,165,5884.8,13,43.2,92.37,SUV
25.26,5.85,224.5,108.6,68.5,181.6,2582.2,17.3,47.7,86.94,SUV
86.84,4.64,368.2,128.4,78.4,198.5,2162.8,12.4,28.6,170.24,SUV
61.22,5.61,122.9,105.7,65.7,208.7,2131.9,20.4,28.2,57.65,SUV
27.81,4.81,558.6,111.7,68,217.2,3859.5,22.3,30.1,144.73,SUV
66.99,3.96,144.6,86,76.3,192.4,2332,20.6,38.9,62.01,Truck
18.61,1.96,189.2,92.9,75.6,186.9,4048.7,16.6,36.7,46.73,Hatchback
110.48,4.33,365.8,117.1,69.3,151.2,3310,23.2,18.9,110.51,SUV
42.17,4.12,475,120.8,65.9,155,3342.5,12.1,12.6,142.11,SUV
84.56,4.01,398.3,114.1,77.9,160.9,4542.4,13.9,48,87.68,SUV
47.73,3.45,,92.2,69.7,153.8,2652.4,17.3,20.4,72.76,Truck
69.61,3.64,70.5,107.3,67.9,178.1,5066.2,10.9,35.5,13.92,SUV
72.4,2.67,471.3,102.8,72.7,173.6,4328.1,,43.1,108.89,Sedan
34.41,3.6,592.2,109.8,78.7,194.6,5659.8,16,22,104.63,SUV
116.81,1.99,499.3,128.5,65.7,187.5,3459.4,24.2,35.4,144.33,Hatchback
96.39,5.03,313.9,123.8,76.5,191.7,5930.9,23.6,14.3,52.93,SUV
113.65,1.93,549,89.2,73.6,183,4303.3,17,48.8,127.58,Hatchback
108.96,1.42,287.2,129.5,71.4,169.4,5893.6,12.1,12.3,48.73,SUV
77.78,3.18,348.2,108.6,76.2,216.7,2108.2,12.7,27.5,165.16,Truck
111.8,4.29,,122.2,79.5,156,4911.9,15.7,31.5,65.74,SUV
24.29,3.19,307.2,92,68.4,215.7,5266.5,13.2,41.6,58.33,SUV
35.58,2.38,480.9,118.5,67.2,,2212.7,11.2,14.8,217.34,Sedan
19.75,3.79,349.2,96.8,78.7,185.9,4315.9,20.1,27.6,80.91,Truck
49.16,2.74,237.9,106.9,75,157.6,5207.8,18.7,22,45.68,SUV
55.81,5.66,206.8,85.8,71.6,155,4244.2,14.4,22.5,48.73,SUV
43.49,5.61,90,92.6,73.6,180.1,2255.3,21.7,,39.91,SUV
102.02,3.51,379.1,89.6,76.2,201.9,4773.8,21.6,10.2,79.41,Truck
52.46,2.64,191.9,97,76.6,168.9,2242.4,17.4,40,85.58,Sedan
44.5,4.69,148.5,90,78.8,189.4,5269.9,11.4,42.4,28.18,SUV
71.98,1.18,416.5,119.6,71.4,169.5,2172.1,23.8,46.1,191.75,Hatchback
29.8,3.37,431,86.5,69.4,177.2,2549.6,20,35.1,169.05,Truck
99.23,,468.6,115.9,74.6,213.5,3100.4,13.7,23.3,151.14,Sedan
22.83,5.6,336.9,92,71.2,209.9,4533.5,19.2,27.1,74.31,SUV
118.62,1.06,543.8,132.3,73.9,186.1,,16.1,48.8,92.09,SUV
96.09,3.76,566.3,131.7,71.3,166.7,2471.3,19.5,45.2,229.15,Truck
35.87,4.7,497.9,96.3,67.3,163.5,2570.8,17.1,28.5,193.68,SUV
15.58,3.43,406.9,115.7,72,216.8,3475.5,17.3,47.7,117.08,Truck
100.62,1.43,231,86.4,75.4,164.2,5344.9,21,42.9,43.22,SUV
89.22,5.86,591,131.6,77,206.6,3868.9,19.2,46,152.76,SUV
91.55,3.59,215.3,111.1,72.4,175.8,3286.4,11.2,37.3,65.51,Truck
95.98,4.07,,87.2,67.5,219,4244.8,11,44.3,41.79,SUV
22.77,2.18,304.3,102.1,71.2,175.8,3042.1,14.6,45.7,100.03,Sedan
52.64,3.42,100.1,88.8,76.8,174.6,3604.6,16.5,13.7,27.77,Truck
27.17,3.15,588.6,104.6,71.2,194.6,3330.4,14.1,48.6,176.74,Truck
105.63,1.37,381.9,118.5,75.4,217.3,5216.6,19.8,23.3,73.21,SUV
80.45,1.53,365.2,108.5,72.6,218.3,5697,12.9,27.6,64.1,SUV
49.74,5.19,417.6,104.2,68.6,199.5,5038.3,20.6,41.7,82.89,SUV
21.67,2.2,333.4,91,76.9,202.8,3756.3,21.6,36.6,88.76,Sedan
47.65,1.97,87,97.2,66.3,189.4,4017.3,11.9,45.7,21.66,Hatchback
49.14,3.52,394.5,90,72.9,202.9,,19.8,26,,Truck
91.61,4.84,449.6,125.4,68.1,210.2,4987.5,24.4,24.9,90.15,SUV
81.94,1.31,290.9,91.8,66,184,4385.9,12.9,11.3,66.33,Hatchback
108.16,3.88,471.4,114.8,72.5,193.4,5609.8,23.6,28.5,84.03,SUV
64.58,1.6,190.3,102.1,72.5,187.6,2802.4,19.1,39,67.91,Hatchback
27.56,1.18,187.3,96.3,,189.4,5038.9,18.9,22,37.17,SUV
89.89,1.26,155.6,117,76.2,212.3,4738.7,10.8,28.5,32.84,Hatchback
94.88,5.17,267.2,107.9,75.9,174.9,3063.4,21.2,18.8,87.22,SUV
73.93,1.59,518.9,105,71.1,164.6,4669.5,,40.9,111.13,Hatchback
95.95,1.23,508.8,114.6,74.5,181.9,5697.5,20.8,12.4,89.3,SUV
66.85,3.19,272.9,109.6,73.7,164.6,5673.7,22.1,38.2,48.1,SUV
69.89,5.22,382.2,100.2,71.3,184.9,4878.5,17.9,25.2,78.34,SUV
59.89,2.31,452,113,74,213.2,2192.3,14,11.7,206.18,Sedan
17.67,3.11,197.8,118.5,79.2,193.2,5489.1,12.1,44.1,36.04,SUV
26.33,1.2,159.1,86.3,67.9,209.9,4631.1,12.4,29.5,34.35,Hatchback
18.3,3.25,585.2,108.3,78.6,161.6,3241.7,23,34,180.52,Truck
81.82,3.89,397.3,87.9,65.8,213.1,2749,11.9,39.3,144.53,Truck
48.01,3.85,590.2,94.3,69.6,192.1,2464.8,15.8,36.2,239.45,Truck
68.4,2.66,249,113,69.3,152.2,2200.9,15,39.2,113.14,Sedan
110.29,2.58,442.6,128.3,74.4,194.3,5016.4,23,40.5,88.23,SUV
41.18,1.53,188,129.1,67,216.6,2943.4,17.2,33.6,63.87,Hatchback
58.09,2.83,208.4,88.5,78.2,155.5,2097,24.9,24.6,99.38,Sedan
94.33,1.5,341.3,106,77.4,190.8,3589.1,21.1,19.7,95.09,Hatchback
39.02,4.83,239.4,114.2,74.8,214.1,3930.4,22.8,46.1,60.91,SUV
23.08,5.83,158.8,92.4,71.9,150.7,2676.9,11.5,48.8,59.32,SUV
45.42,5.85,209.3,123.3,79,194.2,2176.2,13.8,24.3,96.18,SUV
31.93,5.33,88.9,122.2,77.5,183.2,2756.5,12,14.5,32.25,SUV
112.62,4,443.3,130.2,72.5,174.3,4716.4,17,18.9,93.99,Truck
99.85,4.5,330.8,85.4,75.5,193.9,2329,20.8,36.8,142.04,SUV
81.51,2.43,119.9,95.8,73.5,153.7,4220.1,12.5,16.9,28.41,Sedan
106.5,4.15,161,126.4,73.8,202.7,2585.6,12,41.2,62.27,SUV
99.39,3.28,124.3,118.5,70,150.3,2782.8,19.2,46.9,44.67,Truck
34.59,3.41,394.7,129.7,71.9,171.5,,13.5,48.5,110.49,Truck
108.72,4.79,119.9,,66.2,185.3,2403.3,17.2,10.4,49.89,SUV
71.63,2.41,469.8,114.8,70.4,176.4,2692.8,10.8,48.3,174.47,Sedan
,2.59,80.9,113.5,75.4,171.5,3395.8,20.2,39.6,23.82,Sedan
109.09,5.62,202.2,86.8,79.3,208.2,3318.7,18.1,13.4,60.93,SUV
48.39,1.28,542.1,110.7,79.4,215.4,4997.1,19.7,26.6,108.48,Hatchback
26.56,3.43,450.8,115.5,73.3,211.2,2299.1,14.1,,196.08,Truck
38.93,5.56,108.7,94.6,74.1,186.6,5441.8,14.2,48.3,19.98,SUV
59.85,4.05,505.2,98.7,67.8,211.9,5264.9,22,16.6,95.96,SUV
100.89,3.73,331.3,117,75.4,214.5,5064,20.8,15.1,65.42,SUV
105.38,2.25,518.8,108.4,,178.6,3237.5,18.7,28.9,160.25,Sedan
15.73,2.72,388.4,127.9,69.3,169.8,5291.5,19.4,48.7,73.4,SUV
68.63,5.26,431.4,102.1,75,156.9,2731.2,11.4,48.9,157.95,SUV
58.83,3.8,596.6,98.3,69.7,183.5,2497.6,22.8,19.1,238.87,Truck
38.32,3.57,193.1,134.2,65.7,216.2,2179.8,21.5,22.8,88.59,Truck
27.59,1.5,400.7,130.6,77.5,189.3,5757.2,18.9,46.3,69.6,SUV
50.45,1.08,314,86.4,69.7,196.7,3232,23.8,39.4,97.15,Hatchback
114.01,5.82,90.9,123.5,65.9,157.9,5670.5,12.5,48.9,16.03,SUV
48.94,2.88,77.7,90.5,66.1,160,3090.5,20.3,45.7,25.14,Sedan
69.47,4.02,133.2,86.4,68.8,182.5,5630.3,24.4,18.6,23.66,SUV
88.82,1.4,414,98.7,67.7,216.6,5615.7,14.7,40.4,73.72,SUV
53.18,4.42,370.6,98.5,76.6,175.3,5694.7,10.2,11.9,65.08,SUV
117.04,5.66,363.3,126,69.8,211.4,3984.6,21,42.7,91.18,SUV
116.06,3.88,86.9,120.5,77.1,158.4,5463.8,10.1,34.1,15.9,SUV
41.44,1.63,318.7,134.1,67.6,193.2,5803.1,23.1,48.2,54.92,SUV
67.21,3.91,560.1,120.6,72.4,192,3298.5,10.8,48.4,169.8,Truck
46.59,4.83,280.7,105.9,75.3,210.2,3675.5,19.8,12,76.37,SUV
44.91,3.03,401.2,119.9,74.8,150.2,4877,15.7,16.4,82.26,Truck
18.87,5.4,483.3,135,74,163.3,3201.4,13.1,29.4,150.97,SUV
79,4.24,485.5,120.5,78.9,165.4,5015.2,23.5,45.2,96.81,SUV
67.78,5.5,345.2,123.1,68.4,216.5,2295.6,21.2,42.6,150.37,SUV
20.41,4.12,524.7,131.9,,160.8,4094,15.1,48.6,128.16,SUV
44.26,1.66,277.4,90.7,78.3,152.6,2489.3,14.3,34.7,111.44,Hatchback
110.37,2.55,541,120.2,66.2,187.4,,21,20.3,170.48,Sedan
40.15,2.01,197.3,127.5,65.8,187,3034.5,22.5,11,65.02,Sedan
30.21,,218.5,132.7,68.5,209.1,5355.7,20.7,18.9,40.8,SUV
66.39,4.8,98.2,95.5,74.5,216.4,2774.1,19.6,37,35.4,SUV
118.49,4.38,491.7,110.2,68.9,187.7,5233.8,13.4,47.1,93.95,SUV
40.42,2.5,291,119,67.9,215.1,5175.8,22.8,22.8,56.22,SUV
85.57,1.92,191.4,97.4,71.9,200.8,3995.5,21.2,45,47.9,Hatchback
94.97,4.78,192.8,115,74.2,168.5,2935.4,17.8,25.8,65.68,SUV
39.95,3.37,547.7,97.9,68.7,215,2907.6,,22.3,188.37,Truck
91.46,2.13,512,101.7,69.5,196.7,3859.7,18.5,30.4,132.65,Sedan
53.62,4.08,,107.1,74.2,179,2035.2,22.4,27.7,178.56,SUV
81.39,1.2,396.5,111.5,79.2,197.6,4125.4,21.1,46.6,96.11,Hatchback
81.52,2.63,321.4,107.5,75.1,178.1,5811.1,22.8,28.7,55.31,SUV
71.26,3.34,277.6,109.7,76.7,158,2618.8,17.6,21.1,106,Truck
24.48,1.74,555.2,99.9,70.5,200.3,4293.4,19.4,43.7,129.31,Hatchback
102.71,5.92,136.6,92.9,69.1,,5847.1,22.8,49.9,23.36,SUV
48.68,2.05,291.8,87.4,71.8,201,5442.1,13.5,35.9,53.62,SUV
34.58,1.65,252.6,94.8,77.1,166,5401.5,16.7,20,46.76,SUV
19.28,2.02,334,114.1,71.8,217,5287.4,19.3,19.6,63.17,SUV
77.04,4.85,312.5,124.3,77.7,151.8,3236.1,23.7,12.3,96.57,SUV
86.14,3.13,345,93.5,79.8,173.3,5562.5,10.2,13.1,62.02,SUV
16.74,3.83,144.2,90.4,66.1,168.2,5765.4,13.2,46.6,25.01,SUV
68.77,1.11,342,122.5,65.7,153.4,3983.2,13.5,13.9,85.86,Hatchback
38.78,1.17,198.5,100.3,67.2,178.4,3418.3,14.9,29.4,58.07,Hatchback
82.74,3.23,167.7,132.6,70.8,193.6,3656.9,14.2,37.9,45.86,Truck
33.31,5.08,104.4,120.7,67,211.8,3336.8,18.9,44,31.29,SUV
87.55,5.43,474.2,101.3,78.1,219.3,2849.7,23.3,16.9,166.4,SUV
55.61,1.43,296.5,99.5,65.3,206.6,4473.8,19.6,27.5,66.27,Hatchback
113.36,3.69,402.1,111.2,69.7,182.8,4250.4,13.6,20.1,94.6,Truck
29.44,5.57,455.6,89,67.8,200.7,3850.3,23,20.2,118.33,SUV
50.81,2.94,430,90.9,79,209.1,2383.4,19.5,22.2,180.41,Sedan
26.91,5.15,319.4,93.8,75,182.6,5187.6,13.3,33.5,61.57,SUV
112.09,1.67,275.6,123.7,78.7,205,2699.7,15.4,10.7,102.09,Hatchback
107.12,5.68,269.3,110.7,79.6,183.8,2458.2,21.8,26.4,109.55,SUV
42.08,4.76,409.2,85.5,72.5,177.1,4492.3,21.1,17.5,91.09,SUV
84.3,5.71,332.2,118.7,68.5,186.8,3594.6,18.6,48.7,92.42,SUV
100.81,4.38,520,106.2,67.9,197.3,2239.2,12.2,33.3,232.23,SUV
73.3,2.82,533.6,110.5,68.3,200.9,3422.3,22,44.7,155.92,Sedan
70.61,5.69,160.4,95.7,75.6,175,5087.1,14.6,17.8,31.53,SUV
40.39,2.38,142.2,112.6,65.6,190,4461,21.6,42.4,31.88,Sedan
24.78,2.66,404.1,134,65.8,213.7,3451.1,19.7,26.6,117.09,Sedan
109.21,4.5,229.6,88.7,74.1,218.3,2767.2,14,17.1,82.97,SUV
109.54,4.83,79.8,99.2,74.6,165.9,,13.2,40.4,17.63,SUV
81.48,5.65,541,97.1,75,163.5,5550.2,12,40.5,97.47,SUV
50.6,2.02,190.3,97.4,70.6,197.4,4585.1,13.6,49.8,41.5,Sedan
51.67,4.99,562.5,103.9,77.1,179,5251.6,12.4,41.2,107.11,SUV
91.23,4.69,450.2,125.9,73,151.7,4086.1,19.3,15.8,110.18,SUV
109.2,1.32,474.2,130.6,66.6,174.3,4871.9,19,22.9,97.33,Hatchback
108.14,2.94,176.8,95.1,77,206.5,5584.9,18.8,28.1,31.66,SUV
96.89,2.41,194.1,112.1,79.3,205.8,5092.7,19.6,15.1,38.11,SUV
82.41,2.52,346.3,116.8,65.9,184.6,5639.4,22.2,41.5,61.41,SUV
23.83,5.91,161.2,111.1,70.9,183.1,3724.6,23.7,31.1,43.28,SUV
31.97,4.21,,106.7,72.3,190.6,5616.9,13.5,47.8,41.29,SUV
109.35,4.59,240.4,94.6,67.2,165.4,4486.3,18.8,33.6,53.59,SUV
78.68,5.88,154.6,109.4,78,186.8,5480.2,11.2,30.9,28.21,SUV
15.97,2.89,178.7,105.1,69.3,150.8,2157.5,11.8,12.9,82.83,Sedan
25.65,5.01,487.9,124.8,76.7,183.3,4631.4,19.8,16,105.35,SUV
84.67,3.17,158.6,123.2,75.1,173.5,5391.9,17.3,44,29.41,SUV
15.53,5.35,85.1,91.7,74,197.2,2696.8,21.4,49.6,31.56,SUV
31.88,1.9,403.6,89.4,67.9,194.7,4647.1,16.4,26.6,86.85,Hatchback
72.62,5.74,587.3,130.4,68.3,176.7,5299.8,11.9,42.4,110.82,SUV
87.65,2.09,245.5,111.8,65.7,150.5,3151.8,23.1,,77.89,Sedan
83.46,2.63,132.9,,68.6,167.7,3621,11.2,48.4,36.7,Sedan
38.55,4.78,372.3,87.9,70.2,194.3,4278.1,12.8,19.5,87.02,SUV
89.78,2.97,550.4,111.3,77.5,155.1,4076.7,14.2,31.8,135.01,Sedan
39.91,4.04,485.6,112,70.5,157.5,2156.8,24.9,26.4,225.15,SUV
49.17,3.22,399.9,128,76.3,195.3,2394.7,16.3,31.7,166.99,Truck
93.38,4.71,237,89.9,71.6,202.9,2401.9,17.5,20.8,98.67,SUV
83.21,2.14,357.2,97,76.8,172.5,3049.1,21.5,29.9,117.15,Sedan
104.17,1.29,118.4,105.3,79.6,184.3,2983.5,19.5,35,39.68,Hatchback
84.05,2.5,429.8,128.3,68.6,216.2,4968.9,22.6,13.2,86.5,Sedan
74.67,3.37,454.3,131.9,77.9,216.2,4291,17.3,39.7,105.87,Truck
24.84,1.84,581.5,134.6,74.3,171.5,5055.9,24.6,38.3,115.01,SUV
53.61,2.77,208,133,77.3,206.7,2279.6,22,45.2,91.24,Sedan
42.85,3,79.8,85.3,74.8,191.6,3940.9,16,27,20.25,Sedan
40.62,1.29,359.2,87.4,71.4,218.3,3295.1,15.7,12.5,109.01,Hatchback
117.17,3.92,444.6,92.4,68.4,183.4,5399.8,23.9,28.5,82.34,SUV
56.28,5.42,488.9,102.4,66.1,204.2,4831.2,20.3,15.5,101.2,SUV
108.66,1.76,172.7,126.5,73,203.8,5477,19.3,35.9,31.53,SUV
81.27,3.99,208.7,129.6,79.9,184.8,2185.7,21.4,11.9,95.48,Truck
98.46,4.32,341.7,94.3,76.1,205.7,4883.3,18.4,25,69.97,SUV
67.78,3.1,245.2,116,69.9,168.3,4160,12.4,13.3,58.94,Truck
75.57,4.51,526.1,130.9,77.4,158.6,5300,14.8,10.1,99.26,SUV
66.71,3.05,321.1,108.2,76.5,179.8,4028.6,18.4,48.4,79.71,Truck
35.5,3.52,493.8,90.2,69.2,216.1,4160.8,10.3,49.8,118.68,Truck
90.86,1.04,377.7,107.9,65.2,185.1,2207.1,16.6,32.2,171.13,Hatchback
44.48,4.46,479.7,103.8,66.8,194.5,4674.1,21.3,19.6,102.63,SUV
17.55,4.31,246.3,113.9,78.2,193.7,3092.6,12.5,46.4,79.64,SUV
82.77,1.19,510.7,106.9,77.5,159.3,2078.8,11,46.9,245.67,Hatchback
33.6,2.84,215.5,85.9,69.4,177.3,2265.7,22.5,44.2,95.11,Sedan
113.75,5.9,359.4,134.7,69.3,199.5,5829.1,19.3,31.8,61.66,SUV
115.16,3.1,183.4,112.2,76.9,218,3384.3,12.6,13,54.19,Truck
111.06,3.51,322,108.7,79.1,161.8,5472.3,22.1,13.5,58.84,SUV
53.87,5.55,238.6,132.7,76.7,178.7,5838.7,19.9,45.9,40.87,SUV
16.62,4.59,211.4,92.8,74.1,156.7,5773.1,15,45,36.62,SUV
112.47,3.91,582.5,94.5,68.6,167,5526.9,15.6,27.4,105.39,SUV
59.96,4.99,154.8,125.4,72.9,176.4,5579.4,12.3,23.1,27.74,SUV
116.5,5.32,487.3,98,68.5,187.8,3156,22.5,35.8,154.4,SUV
116.18,3.28,591.6,125,77.1,166.1,2605.9,17.6,42.3,227.02,Truck
104.57,3.38,80.5,98.6,70.8,165.9,4557.1,18.4,39.3,17.66,Truck
45.92,2.93,440.5,86.7,77.5,204.4,3952.4,23.3,34.6,111.45,Sedan
55.44,5.83,204,110.9,70.7,217.4,2395,10.2,19.3,85.18,SUV
104.37,4.49,91.5,94.8,77.4,172.7,4710.2,11,20.5,19.43,SUV
48.28,1.42,283.5,122.9,70,198.2,4251.4,12.4,39,66.68,Hatchback
32.8,5.31,565.7,117.1,71.6,168.1,5452.3,10.5,42.1,103.75,SUV
73.46,3.4,76.2,131.2,74.2,215,4436.7,19.9,14.6,17.17,Truck
113.3,1.34,381.6,124.1,66.1,197.1,4295.8,19.5,17.5,88.83,Hatchback
88.08,3.75,335.7,94,79.2,206.2,3763,13.2,37.2,89.21,Truck
74.86,3.09,532.9,125,73.6,153.5,3851.1,12.2,25.6,138.38,Truck
25.2,5.39,114.5,117.1,72.6,191.9,5817.5,12.2,32.5,19.68,SUV
79.58,2.02,431.2,118.4,77.6,186.9,2553.8,24.3,34.6,168.85,Sedan
118.96,5.13,430.5,126.6,78,170.5,3784.9,20.4,41,113.74,SUV
29.71,3.79,,113.7,72.8,168.4,4623.3,18.8,,91.84,Truck
69.42,1.27,569.4,108.3,78.9,190.6,3732,14.8,21.2,152.57,Hatchback
107.12,5.86,506.2,116.8,66,199.5,3132.9,16.5,31.7,161.58,SUV
92.78,3.56,92.2,99.9,66.7,152.3,3149.4,11.3,14.9,29.28,Truck
88.19,2.45,319.7,94.1,74,189.7,2934.6,25,43.7,108.94,Sedan
88.76,3.35,280.9,115.8,70.3,161.9,3375.6,21.3,43.8,83.21,Truck
52.75,5.29,234.4,96.7,72,159.8,5486.7,19.3,22,42.72,SUV
45.83,2.52,309.2,89,69.9,193.6,4020.9,18.8,16.4,76.9,Sedan
99.98,1.96,273.6,85,71.1,171.8,2961,17.6,12.8,92.4,Hatchback
100.06,1.65,299.1,115.4,77.3,180.9,3538.1,13.9,33,84.54,Hatchback
106.04,2.49,589,103.1,73.9,175.2,2423.3,13.4,13.7,243.06,Sedan
110.89,4.9,117,122.6,80,195.4,5616.1,18.2,37.2,20.83,SUV
68.69,3.36,558.8,103.8,76.8,182.9,3632.8,11.1,37.1,153.82,Truck
67.66,2.14,324.5,109.3,69.1,217.4,5921.6,11.1,34.6,54.8,SUV
98.82,1.83,400.6,105.4,69,174.7,3390.2,18.4,45.1,118.16,Hatchback
83.25,2.66,510,117.5,70,201.8,5345.4,23.8,25.1,95.41,SUV
88.71,5.7,261,102.8,77.6,168,3025.5,23.7,46.1,86.27,SUV
98.56,2.72,298.1,133.2,65.4,185.6,2304.6,10.2,11.5,129.35,Sedan
108.45,5.94,287,131.8,68.5,188.7,2126.9,11.6,14.5,134.94,SUV
50.49,3.43,268.6,127.4,78.6,173,4424.7,18.7,26.5,60.7,Truck
54.44,1.9,560.5,131,74.6,183,3246.3,22.7,33.8,172.66,Hatchback
24.87,5.46,509.3,107.5,68.4,169.5,3774.1,24.3,11.3,134.95,SUV
75.72,3.3,127.8,111.8,68.3,150.4,5274.6,22.9,32.7,24.23,SUV
18.77,4.55,127.3,122.1,77.9,165.1,2992.4,20.2,22.3,42.54,SUV
63.89,5.92,296.8,119.8,78.4,199,3234.6,13,45.5,91.76,SUV
71.98,1.25,122.3,129.5,68.8,204,5381.3,11.1,31.3,22.73,SUV
45.09,1.48,398.1,120.8,71.3,169.6,3971,10.7,33.5,100.25,Hatchback
77.04,4.6,146.2,134.9,77.5,178.6,5310.7,19.2,47.8,27.53,SUV
18.2,2.41,346.9,102.4,76.6,152.6,3497.9,10.5,40.6,99.17,Sedan
18.92,1.92,73.8,126.6,77.2,166.6,3593.5,21.1,27.5,20.54,Hatchback
101.37,1.2,237.8,119.9,72.8,204.5,2668.6,20.7,29.1,89.11,Hatchback
52.82,1.11,428.9,119.6,78.7,192.4,5665.4,11.2,35.9,75.71,SUV
28.34,4.87,326.5,101.3,69.9,164.4,5587.1,23.6,18,58.44,SUV
69.84,1.67,588.5,124.3,67.4,168,5936.9,17.8,13.5,99.13,SUV
95.85,3.34,533.3,130,75.6,207.2,3609.8,23.6,22.4,147.74,Truck
37.66,4.03,260.3,95.9,73.1,164.6,5274.5,23.5,41.1,49.35,SUV
80.4,3.14,94.1,116.3,77.8,173.4,3659.8,13,20.3,25.71,Truck
23.96,1.14,518.2,104.6,66.2,196.5,3817.2,15.7,15.2,135.75,Hatchback
20.43,4.92,553,134.5,77.7,189.3,5320,12,18.8,103.95,SUV
70.79,1.05,504.9,108.9,69.4,182.3,2709.5,21.6,37.2,186.34,Hatchback
71.77,4.81,137.8,96.4,74.8,213,2881.2,17.6,34.6,47.83,SUV
81.93,5.47,598.9,104.1,65.6,165.4,3258.9,23.9,37.5,183.77,SUV
91.24,3.16,207,117.7,74.1,201.9,5152.7,13.1,22.9,40.17,SUV
117.46,3.68,453.8,88.8,75.8,161.1,3490.6,20.3,46,130.01,Truck
69.21,3.38,551.3,115.2,70.5,193.1,3432.7,24.8,28.1,160.6,Truck
48.91,2.95,194.9,131.6,68.2,210.9,5995.3,20,30.5,32.51,SUV
98.49,5.44,551.4,127.5,73.1,182.1,3535.2,11,48,155.97,SUV
43.44,5.47,234,88.4,77.5,200.7,2991.1,18.8,49.2,78.23,SUV
61.09,2.68,587.5,134.7,69.9,207.4,4492.9,12.7,36.5,130.76,Sedan
23.24,4.08,219.1,119.9,68.8,159.5,5207.5,10.5,47.8,42.07,SUV
17.66,5.63,575.3,93.1,69.2,199.4,2278.4,15,31.7,252.5,SUV
116.08,5.81,98.4,85.6,79.2,214.4,4475.6,14,22.3,21.99,SUV
102.78,3.54,445.9,93.6,70.4,190.3,2142.9,21.8,22.6,208.08,Truck
88.08,3.26,352,126.9,65.1,163,4105.3,15.6,32.4,85.74,Truck
57.94,2.39,323.3,86.1,76.7,158.9,3028,21,34.2,106.77,Sedan
33.2,5.79,188.5,96.7,75.5,168.2,3226.6,10.2,27.6,58.42,SUV
31.43,1.71,444,122.9,66.9,157.2,3868.4,10.2,45.4,114.78,Hatchback
41.28,3.9,171.1,114.3,79.8,185.9,5708.4,10.4,27.1,29.97,SUV
72.67,2.41,363,124.1,74.1,154.9,4842.7,13.3,20.9,74.96,Sedan
90.03,2.4,204.2,122.3,72.5,165.6,5747.4,15.6,10.3,35.53,SUV
84.32,3.02,576.5,87.5,70.7,180.8,4639.9,19.1,48.8,124.25,Truck
44.39,5.99,85.2,129.6,78.5,183.2,2028.4,24.8,43,42,SUV
115.26,1.27,175.9,96.4,68.7,189.6,3062.3,15.3,34.6,57.44,Hatchback
92.48,3.89,198.4,112.7,69.3,199.4,5623.1,10.8,43.2,35.28,SUV
73.21,1.41,289.5,117.2,66.8,153.3,4573.8,12.9,42.4,63.3,Hatchback
79.23,1.77,193.3,93.4,76.4,155.6,5926.6,23.5,47.3,32.62,SUV
59.06,3.2,330.4,133.8,73.9,154.3,2623.9,20.5,25.4,125.92,Truck
41.01,3.55,532.4,109.4,74.1,179.6,3187,21.9,32.2,167.05,Truck
52.38,2.29,447.4,87.9,68.3,152.9,3449.5,11.9,13.9,129.7,Sedan
94.57,2.58,377.4,131.9,74.8,202.2,3306.2,12,48.6,114.15,Sedan
16.51,1.43,117.2,114.3,76.5,165.6,3008,11.7,49.4,38.96,Hatchback
27.19,2.52,437.8,120,70.4,215.7,3773.9,22.9,41.6,116.01,Sedan
19.83,5.83,158.2,111.3,77,184,4569.2,13.1,28.2,34.62,SUV
19.28,5.72,486.8,126.7,70.2,181.2,3245,19.6,29.9,150.02,SUV
104.82,2.67,202.5,86.7,76.4,204.6,2318.8,17.7,27.4,87.33,Sedan
88.88,,291,98.4,65.5,199.9,4834.1,18.2,21.7,60.2,Truck
64.79,5.55,255.7,108.5,73.3,192.5,3836.1,12.9,31.1,66.66,SUV
25.27,1.03,525.2,88.8,79.5,215.5,4225.9,19.5,12.1,124.28,Hatchback
66.62,5.05,137.1,120.3,79.7,179.6,3821.6,10.6,49.7,35.88,SUV
64.71,5.74,369.8,104.7,69.2,206.6,5561.4,24.9,27,66.49,SUV
33.19,1.46,145.3,98.6,71.6,176.6,4235,10.4,47.1,34.31,Hatchback
60.55,1.81,443.5,85.2,65.9,208.7,5693.1,10.8,39,77.9,SUV
56.84,5.8,549.7,121,78.1,168.2,4042.3,14.9,21.6,135.99,SUV
79.66,3.69,300.3,126.7,73.5,170.2,3170.4,22.5,18.9,94.72,Truck
,1.07,328.7,104.8,70.8,197.5,3421.8,13.9,49.8,96.06,Hatchback
19.76,2.29,561.5,113.2,66.7,164.9,4088.5,17.1,40.9,137.34,Sedan
54.33,3.25,346.1,96.4,79.2,166,4120,10.3,20,84,Truck
80.72,4.46,328.4,116.1,73,171.4,4749.4,11.2,12.7,69.15,SUV
67.83,4.67,376.5,85.6,69.2,197.5,2898,19.1,37.9,129.92,SUV
104.93,5.98,435.3,109.4,70.3,212.3,4635.4,12.9,22.1,93.91,SUV
84.16,2.44,126.6,117.2,69.1,197.2,5114.4,20.4,18.9,24.75,SUV
32.11,3.69,505.2,130.9,74,207.9,4706.4,21.8,39.4,107.34,Truck
22.41,3.67,,104.1,78.9,,3927.3,22.8,37.2,76.59,Truck
82.45,3.03,108.3,123.3,77.9,154.8,5966.7,12,29.3,18.15,SUV
17.78,1.85,486.7,114.9,71.9,157,3619.3,16.8,47.7,134.47,Hatchback
76.51,5.89,269.8,131.4,77.4,188.8,2426.4,24.2,37.2,111.19,SUV
113.72,5.27,123.2,104.9,71.3,172.9,5286,21.6,45.7,23.31,SUV
75.42,3.49,405.9,101,68.8,165.4,2848.8,11.8,17.6,142.48,Truck
55.76,4.02,536.5,129.4,79.8,182.6,4853.1,17.5,21.9,110.55,SUV
82.55,2.14,540.5,87.5,69.6,196.7,2715.9,23.8,14.2,199.01,Sedan
63.12,3.72,577.6,91.8,69.9,176.9,2067.5,16.6,22.2,279.37,Truck
72.29,4.47,529.9,89.1,79.8,206.2,2639.2,22.6,48.9,200.78,SUV
113.85,3.58,71.1,127.2,67,201.7,3508,17.4,48.5,20.27,Truck
55.54,5.95,271.5,85.5,76.4,201.4,2426.5,11.6,40.4,111.89,SUV
115.93,4.06,503.8,128.1,79,219,2790.7,12.2,30.8,180.53,SUV
110.06,2.85,264.1,107.6,72.7,170.7,5058.5,10.7,41.2,52.21,SUV
35.56,4.86,388.8,85.2,65,195.1,5079.5,12.9,32.1,76.54,SUV
22.28,1.85,391.3,105.1,70.6,209.9,5270,23.4,10.1,74.25,SUV
25.58,2.92,263.5,94.3,66.7,190.6,5364.6,19.8,30.1,49.12,SUV
16.91,2.73,549.4,116.2,71.2,205.3,3681.7,21.1,34,149.22,Sedan
24.92,3.16,336.7,119,76.9,179,5470.2,19.3,20.6,61.55,SUV
86.72,4.91,316.3,109.4,71.6,191.3,4103.7,15.8,18.1,77.08,SUV
22.47,3.42,598.7,87,71.5,153.9,3882.4,13.3,21,154.21,Truck
48.49,4.97,331.6,117.8,73.4,219,4874.1,23.9,34.9,68.03,SUV
103.71,3.88,164.6,127.1,73.7,206,2855.3,17.7,15.8,57.65,Truck
17.44,2.71,341.9,121,77.8,210.8,5158,17.2,38.8,66.29,SUV
100.52,5.05,501.4,126.5,69.6,198.6,3717.9,24.9,26.9,134.86,SUV
44.59,2.19,481.7,95,77.3,163,2509.2,15.8,24.1,191.97,Sedan
27.41,2.12,487.9,129.4,73.5,152.2,2477.2,22.8,42.3,196.96,Sedan
88.16,3.52,445.3,101.1,69.5,210.5,2659.6,22.9,30.2,167.43,Truck
81.04,2.3,204.7,85.7,69.4,177.7,5562.3,13.5,25.1,36.8,SUV
107.13,1.05,526.9,127.2,70.4,168.5,5963.8,11.4,45.1,88.35,SUV
92.18,4.24,543.5,132.1,74.3,189.3,3427.9,24.6,24.7,158.55,SUV
99.37,3.56,172.9,117.8,68.5,179.5,3168.6,16.4,44.4,54.57,Truck
44.61,3.23,139.1,96.6,78.8,195.6,2875.1,10,30.2,48.38,Truck
33.63,5.83,587.1,97.6,73.6,183.9,5295.3,17.5,18.3,110.87,SUV
93.81,3.86,530.2,108.3,78.8,198.8,2836.8,19.3,34.5,186.9,Truck
99.72,5.32,543.4,129.9,65.7,209.7,5696.4,21.6,21.4,95.39,SUV
119,1.7,539.8,92.5,70.1,163.7,4669.4,24.1,15.9,115.6,Hatchback
58.32,3.85,357.1,126.3,65.3,173.1,5588.5,23.7,13.5,63.9,SUV
54.06,5.34,412.6,99.6,69.1,180.6,4216,24.1,19.7,97.87,SUV
96.52,3.92,359,125.4,77.9,217.3,4762.7,10.5,39.5,75.38,Truck
50.78,4.59,97.1,131,65.5,175.6,4477.8,20.7,43.5,21.68,SUV
112.73,2.86,465.1,106.4,71.5,176.7,5324.8,13.4,44.5,87.35,SUV
105.13,1.46,337.8,103.3,66.8,195.7,5343.4,12.8,20.8,63.22,SUV
60.04,3.29,413.3,125.1,71.3,179.3,4359.2,22,36.4,94.81,Truck
93.84,2.97,336.4,111.5,77.6,216.6,4530,16.3,19.2,74.26,Sedan
94.23,5.34,330.7,119.2,74.3,212.6,5687.5,23.7,34.9,58.15,SUV
25.83,2.22,161,116.1,76.1,185.9,5719.5,10.6,45.5,28.15,SUV
109.77,5.83,217.7,92.6,70.2,195.1,4657,22,,46.75,SUV
68.05,5.79,154.2,127.2,79.2,154.1,2031,12.1,49.4,75.92,SUV
101.78,2.24,173.7,94.8,75.6,198.7,2417.6,12.6,43.1,71.85,Sedan
48.61,2.74,585.7,131.6,71.3,199.5,5431.8,17.2,40.5,107.83,SUV
109.03,5.48,151.2,97.5,71.4,175.1,2338.9,15.9,37.7,64.65,SUV
55.87,5.83,212.7,121.7,78.8,165.4,2854.1,17.3,40.8,74.52,SUV
16.14,3.22,383,99.2,73.6,214.1,2922.2,24.1,49.8,131.07,Truck
110.07,2.6,393.4,100.9,75.6,179.9,4400.9,19.9,40.8,89.39,Sedan
24.59,3.63,151.6,100.5,71.3,195.8,4306.5,14.4,24.1,35.2,Truck
48.53,4.44,490.7,122.4,68.4,152.3,3157.7,12.6,34.6,155.4,SUV
114.76,2.37,486.2,112.8,75.9,179,2830.4,16.3,23.5,171.78,Sedan
114.81,4.68,195.8,,74.1,207.2,5058.1,16.8,48.8,38.71,SUV
75.21,1.26,223,100.4,72.5,177.1,5741.8,19,46,38.84,SUV
81.34,1.25,567.1,119.6,74.4,192.2,2211.2,14,32.7,256.47,Hatchback
62.09,2.93,507.6,122.6,68.1,164.7,2532.7,21.5,41.3,200.42,Sedan
45.79,2.77,439.8,92.6,76.9,179.2,4568.7,11.5,46.4,96.26,Sedan
,2.58,113.6,105,79.2,214.9,5217.8,18.4,19.7,21.77,SUV
85.61,3.46,291.7,109.1,78.4,189.7,5164.8,19.4,33.2,56.48,SUV
94,2.6,366.4,102.8,69.8,213.1,4878.7,13.1,29.3,75.1,Sedan
98.12,1.96,169.3,101.1,71.1,213.1,5549.7,22.4,40.9,30.51,SUV
97.91,2.55,307.6,119.3,77.1,216.1,2869.4,19.2,25.2,107.2,Sedan
24.58,5.87,388.5,95.8,73.9,212.7,2429.2,19.7,38.4,159.93,SUV
66.91,3.06,243.5,120.5,73.2,150.2,4461.5,17.5,26.1,54.58,Truck
21.04,3.22,483.9,131.8,78.9,215.4,5289.1,23.6,14.4,91.49,SUV
72.7,3.88,515.4,,73,159.6,4328.2,20.4,14.3,119.08,Truck
61.36,5.92,241.5,115.6,72.7,152.8,5852,15.7,14.8,41.27,SUV
108.21,2.21,514.5,88.4,65.6,153.9,5182.3,13.6,11.3,99.28,SUV
51.85,4.41,124.9,128.2,66,174.4,4803.2,11.1,31.3,26,SUV
27.29,4.58,514,99.3,65.1,193.5,2241,12.5,36.9,229.36,SUV
30.01,4.04,151,115.8,78.7,178.2,2431,24.9,15.1,62.11,SUV
94.96,1.44,114,134,71.1,151.8,5139.4,16.1,34.5,22.18,SUV
79.91,4.38,410.1,114.8,72,183.4,2793,23.5,33.9,146.83,SUV
25.62,1.32,320.1,121.2,77.7,180.9,2115.3,12.6,15.9,151.33,Hatchback
23.83,3.98,551.2,107.3,74.1,203,5643,16.4,26.2,97.68,SUV
88.6,4.7,262.5,88,74.1,169.6,5563.2,24.4,40.2,47.19,SUV
22.64,2.05,222.2,124.9,69.4,165.2,2873.9,11.4,10.7,77.32,Sedan
101.3,5.21,335.4,86.7,77.5,167.9,5120.8,18.9,15.9,65.5,SUV
89.16,1.15,311.7,120,67.5,171.3,2191.9,23.8,49.8,142.21,Hatchback
23.54,5.22,252.5,86.1,65.8,191.9,3140.2,24.2,39.3,80.41,SUV
23.91,3.3,437.7,128.1,67.9,183,4494.7,22.7,28.6,97.38,Truck
118.6,2.09,472.6,92.9,69,173.6,5052.7,22.8,35.2,93.53,SUV
54.3,1.67,522.1,110.7,69.2,176.2,2041.6,19.8,43.8,255.73,Hatchback
53.92,5.77,585.6,114.9,75.1,176,3304.8,13.3,43.7,177.2,SUV
100.34,1.36,211.3,107.9,68.3,218.1,2857.4,21,23,73.95,Hatchback
114.46,2,449.5,102,75.1,166.3,5995.1,24.7,29.7,74.98,SUV
118.53,2.74,279,108.4,66.4,207.3,4683.9,17.9,35.5,59.57,Sedan
94.1,4.1,428.9,100.6,67.2,199.6,3622.7,13.9,12.9,118.39,SUV
54.51,3.72,322.3,106.9,72.6,150.4,2302.6,18.6,47.8,139.97,Truck
23.77,1.63,596.7,102.9,78.8,219.5,4394.7,20.4,27.3,135.78,Hatchback
96.6,2.45,456.3,113.3,77.9,203,4566.8,13.1,24.8,99.92,Sedan
73.63,2.19,574.8,96.9,79.5,197.8,5265.6,20.8,46.3,109.16,SUV
59.54,2.07,512.5,134.4,74.8,178.4,3154.3,18.8,14.7,162.48,Sedan
110.17,3.06,548.5,110,75.1,188.9,5925.7,19.2,11.6,92.56,SUV
26.68,4.52,501.6,94.7,74.4,167.7,3757.9,14.6,37.4,133.48,SUV
66.73,2.09,313.4,108.9,74.3,152.5,3183.8,12.3,25.4,98.44,Sedan
16.19,2.83,203.4,128.3,67.2,208.5,3393.8,19.4,40.6,59.93,Sedan
64.21,2.95,266.3,86.1,73.2,212.8,4078.3,18.8,12.7,65.3,Sedan
20.91,5.88,80.7,119,70.8,161.4,5746.8,15.1,25.4,14.04,SUV
27.48,5.77,347.7,112.4,71.6,205.1,4940.6,14.4,19.4,70.38,SUV
27.34,5,337.7,93.5,72.9,201.9,4308.4,15.2,39.6,78.38,SUV
83.17,2.21,348.4,125.9,66.9,162.5,2651.2,17.3,19.1,131.41,Sedan
93.33,1.34,586.2,103.4,70.4,179.5,2597.4,24.6,28.3,225.69,Hatchback
76.25,2.58,553.1,99.7,66,179.6,4008.8,21.5,42.8,137.97,Sedan
116.03,2.33,155.7,126.4,79.7,203.2,4914.8,22.8,46.6,31.68,Sedan
54.36,3.53,265.5,116.9,66.8,208.6,5004,17.6,38.9,53.06,SUV
45,4.89,294.7,129.9,68.9,156.6,2903.7,17.9,27.2,101.49,SUV
106.2,5.29,261.1,116.5,78.4,189.4,2400.4,13.1,32.9,108.77,SUV
38.48,5.22,493.2,122,72.2,203.3,3537.8,20.8,37.6,139.41,SUV
116.14,2.8,347.7,126.8,67,205,5672.7,16.3,45,61.29,SUV
16.28,4.44,373.2,87.7,70.8,160.4,4181.5,21.1,45.5,89.25,SUV
116.84,2.56,522.1,123.8,66.7,186.8,3280.4,16.1,47.2,159.16,Sedan
19.53,1.3,497.1,115.7,68,210,3294.6,11.6,42.4,150.88,Hatchback
108.57,4.51,140.1,88.5,65.8,172.3,2528.3,12.6,15.9,55.41,SUV
70.41,1.05,448.4,110.4,71.6,179.8,3892.9,22.2,39.9,115.18,Hatchback
119.26,3.05,300.8,89.1,77.1,206.3,5165.5,13.9,42.6,58.23,SUV
22.75,2.65,226.2,121.8,73.8,156.3,5874.2,14,45.1,38.51,SUV
73.15,4.47,96.5,112.3,74.1,210.2,4006.4,23.9,47,24.09,SUV
116.78,4.83,328.2,132.7,68,,2668.9,19.9,30.4,122.97,SUV
69.93,2.52,258.4,94.2,70.2,150.1,4731.8,11.7,36.2,54.61,Sedan
81.09,5.06,203.3,115.3,77.7,166.4,5027.2,12.2,10.4,40.44,SUV
88.05,2.47,438.2,95.6,66.3,156.3,2286.8,14.1,32.9,191.62,Sedan
62.73,3.23,477.8,115.7,77.9,156.5,5400.6,18.9,28.9,88.47,SUV
80.89,4.64,199.7,121.1,72.3,198.5,5317.3,21.3,48.5,37.56,SUV
76.35,4.46,96.2,121.1,77.6,165,3890.2,14.1,46.1,24.73,SUV
109.62,5.94,519.8,125.8,69.8,215.4,4241.7,23.1,41.9,122.55,SUV
19.77,2.13,75.3,127.7,70.1,186.2,4853.6,11.6,12.3,15.51,Sedan
44.5,4.31,,88.9,76.3,182.2,4707,13.1,26.1,120.4,SUV
114.79,4.05,402.6,102.2,76.8,180.4,2066.1,24.6,37.8,194.86,SUV
108.48,5.58,240.6,119.4,68.4,198.5,2489.7,12,11.2,96.64,SUV
62.84,1.78,200.6,109.9,79.6,181.7,2650.4,23.3,19.4,75.69,Hatchback
80.11,4.76,74.8,94.5,66.3,159,5022.7,20.6,45.5,14.89,SUV
44.13,3.84,194.8,112.6,66,211.6,3760.3,11.1,15.2,51.8,Truck
34.75,2.37,143,105.4,73.9,180,4182,17.3,12.1,34.19,Sedan
63.69,3.37,394.4,104.5,75.8,155.2,5090.7,17.8,33.2,77.47,SUV
52.1,2.67,158.3,125.5,79.4,187.1,3363.9,24,47.9,47.06,Sedan
76.28,3.9,350.2,105.4,71.1,195.3,4995.6,16.3,43.4,70.1,Truck
23.16,5.45,382.8,86.3,65.4,169.3,3769.2,16.7,49,101.56,SUV
117.31,3.85,228,87.9,74,206,3508.7,11.7,40.1,64.98,Truck
118.55,4.16,88.6,127.8,69.3,196.9,3332.1,19.6,27.5,26.59,SUV
88.31,3.59,89.7,133,71.5,195.5,5859.8,13.2,47.9,15.31,SUV
71.29,1.26,84,119.4,72.3,179.5,5087.9,11.2,27.1,16.51,SUV
47.5,2.16,461.7,103.2,66,217.3,2080.8,25,24,221.89,Sedan
100.45,3.46,238.5,131.9,72.3,169.2,5829.7,14,27.9,40.91,SUV
86.9,2.55,492,118.1,71.4,190.4,5101.8,12.1,42.6,96.44,SUV
32.07,1.91,298.8,127.2,75.7,171.6,2596.7,20.5,46.7,115.07,Hatchback
110.65,3.52,310.1,123.3,74.7,202.1,2305.4,22.3,24.3,134.51,Truck
101.37,2.61,341.8,104,67.8,153.3,3232.8,11,28.5,105.73,Sedan
114.73,2.29,447.9,108.9,68.1,153.2,4496.7,11.6,45.9,99.61,Sedan
91.2,3.32,215,94.3,68.8,206.8,4466.2,11.4,11.9,48.14,Truck
79.41,1.67,134.4,99.6,67.7,180.4,3103.4,10.7,41.4,43.31,Hatchback
58.92,5.64,364.7,123.9,74.9,173.9,3782.7,19.9,28.2,96.41,SUV
112.94,5.34,243.3,129.7,79.9,192.5,2847.6,18.8,25.1,85.44,SUV
105.94,4.54,304.5,121.2,74.8,199.1,2202.3,19.9,27.9,138.26,SUV
19.75,1.53,412.9,108.3,74.1,164.1,4067.9,17.6,26.7,101.5,Hatchback
17.77,4.88,331.9,89.3,71.1,163,3388,22.3,40.3,97.96,SUV
54.53,5.04,398.7,87.8,69.7,217.1,4171.5,18.2,47.1,95.58,SUV
100.11,4.84,358.4,103.7,78.7,191.3,5786,23.8,29.7,61.94,SUV
118.66,1.57,462.1,108.2,79.5,177.3,2573.5,17.3,43.3,179.56,Hatchback
30.79,4.22,444.1,115.5,72.5,206.1,2007.8,21.9,39.3,221.19,SUV
77.38,5.17,353.1,85.3,69.4,186.8,2307.5,16.1,23.2,153.02,SUV
54.99,3.89,429.8,134.5,76.6,166.9,3850.8,16.5,33.5,111.61,Truck
116.84,4.23,533,103.2,67,164.5,4827.7,22.7,36.7,110.4,SUV
103.42,3.29,299.1,127.4,76.5,177.8,4323.1,11.6,10.9,69.19,Truck
103.02,3.64,288.8,111.7,77.3,210.2,3979.6,18.5,25.8,72.57,Truck
64.21,1.17,475.1,91.5,66.9,154.3,3415.9,20.9,49.7,139.08,Hatchback
58.56,4.19,378.8,124.9,79.7,165.3,3239.9,21.3,35.5,116.92,SUV
43.71,1.41,107.6,120.5,79.8,212.5,3505.1,18.9,23.4,30.7,Hatchback
20.92,3.18,542.8,111.4,79.1,158.5,4446.5,16.7,20,122.07,Truck
105.8,2.46,86.3,110.7,72.4,194.1,2671,13.9,18.4,32.31,Sedan
100.35,3.73,466.7,89.4,68.7,164.9,5085.4,23.6,26.1,91.77,SUV
119.97,1.67,472.2,117.8,73.7,192.4,4301,15.5,17.7,109.79,Hatchback
119.65,4.46,575.1,130.6,71.3,176.8,3076.6,22,15.4,186.93,SUV
73.32,4.98,98.7,89.7,68.1,157.1,4004.6,10.5,24.6,24.65,SUV
95.74,1.82,386.3,98.2,71.4,190.8,5851.1,13.5,34.3,66.02,SUV
114.2,1.52,296.8,130.1,75,197.8,2082,15.2,15.9,142.56,Hatchback
104.21,1.73,245.2,99.2,66.1,197.6,2798.1,20.1,11.8,87.63,Hatchback
40.97,5.39,117.9,117.7,70,194.6,3793.5,14.8,11.4,31.08,SUV
62.31,3.64,368.2,111.7,65.3,185,4553.8,10.6,20.7,80.86,Truck
28.56,3.34,323.9,114.8,76.2,186.4,2848.9,12.6,17.6,113.69,Truck
115.18,1.53,125.4,105.8,74.6,194.5,5725.6,13.9,31.6,21.9,SUV
78.65,4.25,394.6,100,65.9,198.3,4570.3,12.6,28.2,86.34,SUV
39.01,5.34,461.1,87.4,79.5,195.8,5509.7,13.1,23,83.69,SUV
85.53,5.14,476.7,122.2,65.3,191.1,3317.3,21.5,43.3,143.7,SUV
79.9,4.13,549.8,122.3,73.8,160.9,5315.8,16.2,30.2,103.43,SUV
52.61,1.38,287,118.5,76.6,164.7,3512.9,16.1,13.7,81.7,Hatchback
26.92,1.56,575.1,117.2,76.8,168.2,3011,24.5,21.8,191,Hatchback
85.52,1.25,528.7,97.2,65.5,214.4,5646.6,16.7,48.9,93.63,SUV
69.63,2.29,227.1,86.1,78.6,203.2,2368.9,23.9,49.1,95.87,Sedan
96.09,1.68,154.4,125.4,78.8,188.7,5771.6,14.5,20.2,26.75,SUV
69.62,2.3,300.8,109.6,73.4,167.6,3834.1,16,16.7,78.45,Sedan
104.48,2.93,283,100.3,72.2,157.8,5970.5,15.9,29.8,47.4,SUV
72.95,5.71,375.1,90.1,65.7,212.9,4158.4,18.2,29.3,90.2,SUV
73.9,4.05,379.2,88.1,73.4,212.5,5030,18.8,26.4,75.39,SUV
107.05,5.17,467.5,102.4,71.1,157.7,2028.3,13.7,31.2,230.49,SUV
57.37,4.55,340.2,125.2,76.6,205.8,3986.7,21.9,19.3,85.33,SUV
29.07,1.56,125.6,130.9,71.1,181.3,4949.8,17.4,14.6,25.37,Hatchback
18.02,4.68,524.9,129.8,75.3,172.7,5131.3,10.1,32.8,102.29,SUV
94.29,2.38,234.2,131,66.5,201.7,2632.2,18.9,47.3,88.98,Sedan
80.13,4.2,584.8,130.4,67,193,3675.9,22,15.5,159.09,SUV
88.93,2.7,132.5,111.4,67.1,204.6,3676.3,13.8,38.2,36.04,Sedan
37.36,5.99,577.9,96,65.7,155.2,2414.6,10.6,27.5,239.34,SUV
29.32,2.32,118.2,124.9,73.1,172.3,3772.2,22.1,21.8,31.33,Sedan
16.53,2.4,192.4,95.7,76.9,172.4,5228.4,24.6,44.1,36.8,SUV
51.81,5.65,94.7,98.4,74.2,173.1,3200.7,11.1,28.3,29.59,SUV
76.94,1.12,443.7,96.7,73.6,185.2,3730.3,24.1,33.3,118.94,Hatchback
56.19,4.48,520.7,110.7,75.2,169.8,5843.8,15.4,27.7,89.1,SUV
60.93,4.63,300.1,101.1,70.1,181.1,2126.8,24.1,13.2,141.1,SUV
109.94,5.18,562.1,92.7,70.4,175.7,4366.1,19.7,33.8,128.74,SUV
51.57,5.87,382.9,107.7,69.7,201.5,4973.7,23.4,26.8,76.98,SUV
68.97,5.88,403.9,128.7,75.7,192.2,5043.5,21.8,13.5,80.08,SUV
97.28,1.33,518.1,113.5,67.4,195.8,4863.8,10.4,33.8,106.52,Hatchback
56.64,5.11,227.3,128.9,65.2,164.7,4905.8,11,10.4,46.33,SUV
80.32,4.23,257.8,94.8,73.9,172.8,2236.1,17.9,18.3,115.29,SUV
105.55,4.24,550.2,93.3,79.1,151.5,4136.5,11.9,41.2,133.01,SUV
114.7,1.64,547.5,113.8,74.1,157.6,5131.9,16.9,11.5,106.69,SUV
30.44,4.25,587.5,108.2,76.7,168.6,2376.3,24.3,35.9,247.23,SUV
112.29,5.91,548,118,75.1,154.6,2048.2,14.4,48,267.55,SUV
66.67,5.56,137.5,124.7,72.5,192.2,5258.2,17.3,16.8,26.15,SUV
42.12,3.2,506.6,122.6,75.8,219.9,4849.2,15.8,26.7,104.47,Truck
63.21,1.2,287.2,132.1,77.4,157.1,3648.8,19.4,33,78.71,Hatchback
117.9,2.81,595.1,104.9,68.4,207.5,5761.6,12.9,28,103.29,SUV
66.72,5.13,320.3,95.3,70,158.3,5066.4,13.9,34.8,63.22,SUV
49.52,4.51,363.5,112.5,68.4,196.9,5871.4,22.9,26.2,61.91,SUV
81.51,3.3,350.8,90.5,71.8,195,5717.3,22.2,15.9,61.36,SUV
40.22,1.28,240.5,99.4,78.3,213.2,3925.2,21.8,13.6,61.27,Hatchback
22.97,3.13,109.8,95.4,70.2,158,5018.8,21.6,39.8,21.88,SUV
28.53,3.35,544.7,104.8,70.6,172.1,4676.8,16.9,19.5,116.47,Truck
28.44,5.64,495.4,90.6,77.9,156.4,5245.8,20.9,43.9,94.44,SUV
30.95,4.21,143.9,86.6,72.7,178.5,5150.8,15.8,39.7,27.94,SUV
29.58,2.56,481.7,117.8,73,213.8,2612.9,11.5,12,184.35,Sedan
82.29,3.63,401.7,115.5,77.9,204.7,2934.9,15.9,18,136.87,Truck
34.1,1.33,286.8,120.4,72.4,200.6,3062.9,12.4,21.7,93.64,Hatchback
51.3,5.86,204.6,118,75.2,187.3,5274,15.9,33.8,38.79,SUV
109.16,2.8,525.7,90.7,66.3,211.8,5243,14.5,42.4,100.27,SUV
64.77,3.39,441.1,99.6,67.7,181.5,3981.3,19,12.4,110.79,Truck
85.09,2.78,360.3,91.5,71.1,160.5,4323.3,15.4,20,83.34,Sedan
33.09,4.41,393.1,127.1,72.4,208.6,5307.7,20.6,25,74.06,SUV
35.19,4.31,118.3,122.3,79.5,169.6,3250.4,17.7,17.3,36.4,SUV
19.29,4.58,321.2,95.1,79.6,153.8,2200.7,23.8,31.8,145.95,SUV
32.74,2.34,172.7,102.1,77.8,158.8,3930.4,11.4,29.1,43.94,Sedan
44.25,2.58,180.4,133.3,69.7,192.6,5654.9,20.3,22.7,31.9,SUV
33.59,1.63,420.5,114.7,79.5,192.5,5161.9,20.1,30.7,81.46,SUV
24.31,4.28,553,125.1,75.3,168.2,3466.5,24.3,24.2,159.53,SUV
27.67,1.2,284,98.2,70.9,200.9,2259.1,15.6,23.7,125.71,Hatchback
63.38,3.99,180.1,95.5,75.5,204.2,4547.7,14.6,20.6,39.6,Truck
36.67,5.35,413.8,124.2,65.2,214.4,5338,12.6,31.6,77.52,SUV
53.25,5.45,531.7,119.3,67.2,190.9,4659.8,14,27.8,114.1,SUV
67.86,3.25,466.6,119,77.4,204.6,3700.3,17.5,17.9,126.1,Truck
87.49,3.3,530.4,112.6,74.7,202.7,2493.4,22.6,10.5,212.72,Truck
19.13,1.38,354.4,113.2,70.5,168,5643.1,14.3,16,62.8,SUV
98.94,4.35,468.5,121.8,72.5,171.7,3103.8,12.4,11.7,150.94,SUV
80.93,5.11,144.2,98.5,78.6,183.5,2897.1,14.1,27.3,49.77,SUV
23.58,2.22,254.6,102.6,74.5,151.3,5263.9,11.5,19,48.37,SUV
106.73,3.11,276.5,128.6,71,170.8,5924.9,23.9,26.8,46.67,SUV
111.69,5.19,341,100.4,66.8,183.2,4640.6,23.1,23.2,73.48,SUV
21.41,5.39,562.4,112.3,69.4,157.6,4499.2,14.6,31.5,125,SUV
44.07,2.22,533.4,120.1,79.7,158.8,3277.7,13.7,39,162.74,Sedan
99.65,3.75,141.3,135,71.6,182.4,2081.7,23.6,29.2,67.88,Truck
93.57,1.96,161.6,106.8,72.1,201.2,2767.2,10,12.5,58.4,Hatchback
34.37,1.51,259.5,106.4,72.5,208.4,4337.7,19,10.7,59.82,Hatchback
36.98,5.56,224.1,127.1,78.3,188.2,2605.3,23.7,18.5,86.02,SUV
53.9,5.1,395.8,125.3,74.1,183.2,5535.3,17.6,27,71.5,SUV
65.87,4.8,548.5,121.6,75.4,176.9,2752.6,10,11.8,199.27,SUV
79.92,1.24,580,108.2,70.8,163.5,4088.4,13.3,23.1,141.86,Hatchback
53.74,5.22,416.4,101.2,65.4,160.3,4048.1,23.8,45.5,102.86,SUV
63.57,3.19,514.2,115.4,79,205.4,4415.8,10.3,13.6,116.45,Truck
93.48,2.71,348.4,128.8,79.2,182.6,3309.7,15.9,47.9,105.27,Sedan
18.85,3.73,180.4,129.2,79.2,205.3,5494.1,21.8,44.3,32.84,SUV
41.51,1.46,348.1,90.4,79.2,199.3,3777.2,22.6,43.3,92.16,Hatchback
89.9,4.78,364.2,106.4,77.2,163.6,4800.6,17.2,44.5,75.87,SUV
109,3.91,463.5,108.2,75.3,185.7,4543.6,13.5,13.2,102.01,Truck
68.73,1.93,186.5,133.9,77.7,181.1,2468.6,19,16,75.55,Hatchback
70.87,1.94,265.2,118.9,74,179.7,4490.6,14,15.4,59.06,Hatchback
26.25,1.92,262.9,105.4,67,188,4202.8,13.8,14.4,62.55,Hatchback
61.98,1.29,578.5,86.3,70.9,218.7,5594.4,22.1,23.1,103.41,SUV
70.92,3.94,305.3,113.3,79.6,206.9,5523.5,12.3,43.2,55.27,SUV
40.46,5.2,470.2,89.8,70.3,213.3,2603.8,10.1,20.1,180.58,SUV
43.27,1.09,467.9,126.7,78,152.1,2326.7,15.1,19.8,201.1,Hatchback
54.61,1.25,210.7,122.6,66.4,159.8,3178.4,17.4,37,66.29,Hatchback
17.11,3.86,373.1,108,70,155.9,5946.5,20.6,13.9,62.74,SUV
48.82,5.1,544,106.5,70.3,168.4,2086.3,21.7,24.4,260.75,SUV
37.2,2.63,321.9,129.9,65.8,180.9,4691.6,20,21.8,68.61,Sedan
49.39,2.75,570.9,99.4,66.8,194.9,4434.1,19.4,43.9,128.75,Sedan
27.58,3.98,183.7,97.5,67.9,185.1,4586.3,20,30.6,40.05,Truck
108.51,2.37,109.3,132,77.6,213.2,2873.1,14.1,35.9,38.04,Sedan
77.33,1.13,542.5,125.5,66,215.8,2906.9,15.7,15.2,186.62,Hatchback
86.31,4.68,519.3,126,69.5,161.4,3722.6,19.2,47.2,139.5,SUV
97.86,4.13,596.1,94.8,65.2,209.7,2383.4,11,22.9,250.1,SUV
67.34,3.9,430.1,92.2,75.4,183.7,2298.5,14.4,38.3,187.12,Truck
24.13,4.71,566.4,86.3,74.3,181.7,2353.4,16.1,48.2,240.67,SUV
71.4,4.38,508.3,96.9,74.7,204.9,4291.9,18,30.3,118.43,SUV
76.62,2.03,517.5,123.7,70.6,156.5,3591,17.3,30.3,144.11,Sedan
93.27,2.76,371.6,97,68.1,211.8,3174.5,20.8,14.7,117.06,Sedan
60.32,1.63,272.7,121.5,75.8,197,3263.3,17.1,25.6,83.57,Hatchback
28.4,1.65,565.3,97.6,77.2,211.3,2829.1,23.6,44.1,199.82,Hatchback
44.8,4.38,299,104.8,67.1,219.6,3646,15.7,15.4,82.01,SUV
53.12,5.29,355.6,134.2,72.3,186.3,2812.2,17.9,46.7,126.45,SUV
82.82,5.81,306.4,97.2,68.7,156.5,4792.2,10,36.7,63.94,SUV
74.93,4.14,369.4,103.8,67.5,161.7,2495.7,14.7,26.8,148.01,SUV
52.39,1.92,319.4,100.1,76,172.7,5793,23,31.9,55.14,SUV
118.58,1.53,95.4,90.5,73.1,157.2,2359.3,15,16,40.44,Hatchback
78.61,5.06,537.5,109.5,68.2,207.1,5773.8,13.8,18.7,93.09,SUV
39.91,3.89,305.5,103.9,69.7,170.8,5333.2,18.2,21.5,57.28,SUV
25.69,4.09,382.1,119.7,79.5,218.3,4722.8,11.2,25.4,80.91,SUV
31.05,4.91,143.8,125.9,77.7,199.2,5649.2,18,46.6,25.45,SUV
40.83,4.52,71.8,112.2,78.2,162.1,2556.9,14.6,24.7,28.08,SUV
31.87,5.17,200,86.6,71.9,183.3,2705.3,15.7,31,73.93,SUV
34.59,1.28,443.4,115.9,74.4,182.7,3008.6,21.9,16.5,147.38,Hatchback
44.93,4.74,122.6,87.8,70.7,184.5,2979.2,19.9,39.4,41.15,SUV
33.2,5.25,551.7,115.8,66.2,187.5,3243.4,16.7,32.4,170.1,SUV
109.16,2.43,184,119.3,71,152.2,4302.5,18.7,27.6,42.77,Sedan
23.42,4.2,178.4,94.9,73.9,198,2112.7,21.5,47.9,84.44,SUV
70.07,2.57,166.2,126,69.3,184.1,3529.1,21.2,45.6,47.09,Sedan
58.09,5.79,77.4,130.6,77.7,205.4,2985.5,12.8,36.4,25.93,SUV
118.15,1.17,479.1,125.7,67.3,207.1,4426.5,14.5,46.9,108.23,Hatchback
26.76,3.9,533.8,100.3,70.5,166.1,5940.7,15.2,32.6,89.85,SUV
56.77,1.83,395.5,114.3,66.9,153.4,4070.6,12.8,43.1,97.16,Hatchback
116.79,4.56,169.7,130.7,71.1,199.2,3702.7,10.2,26.4,45.83,SUV
105.88,1.88,221.2,101,65.6,218.4,3473,12.6,13.5,63.69,Hatchback
100.79,2.18,322.2,126,69.1,181.3,5139.8,22.1,49.8,62.69,SUV
42.08,3.47,575.8,85.5,71,168.2,2287.9,18.2,16.6,251.67,Truck
32.94,5.57,201.1,85.2,72.2,161,5839.1,15.1,20.1,34.44,SUV
85.21,2.06,457.8,123,73.2,170.1,3671.7,19.1,16.5,124.68,Sedan
112.58,1.72,302.9,123.1,69.1,173,3254.8,21.1,23.5,93.06,Hatchback
73.46,4.79,227.9,124.4,72.8,179.7,5896.3,15.3,21.6,38.65,SUV
75.02,3.5,311.6,131.5,72.6,195.9,5743.5,17,34,54.25,SUV
44.4,5.56,107.7,90.9,69.7,169.1,4567.7,11,49.9,23.58,SUV
95.8,1.73,493.3,96.6,77.5,153.6,2074,19,12.1,237.85,Hatchback
34.64,4.23,199,130.2,73.2,176.1,4994.1,15.3,41.1,39.85,SUV
48.99,2.16,454.5,93.9,70,209.9,3342.2,16.5,15.1,135.99,Sedan
59.67,1.78,106.2,119.1,79.2,184.9,3553.1,16.3,10.8,29.89,Hatchback
68.3,4.42,576.2,111.5,77.7,217.5,2635,19.5,35.5,218.67,SUV
40.45,3.97,172.3,89.2,79.7,185.3,4093.8,18.6,44.9,42.09,Truck
27.06,4.77,537.9,99.3,75.4,169.3,4978.2,16.3,17.1,108.05,SUV
79.12,2.55,499,111,70.7,163.5,3092,10.3,23.7,161.38,Sedan
45.31,3.24,583,127.6,69.2,198.6,5754.9,19.3,16.8,101.3,SUV
76.03,3.03,323.3,120.4,74.9,187.5,2778.9,23.2,46.3,116.34,Truck
31.21,5.92,455.5,116.1,79.7,192.3,2265,21.5,20.8,201.1,SUV
65.52,2.46,266.5,109.8,74.4,202.9,4577.5,24.7,27.8,58.22,Sedan
70.92,2.47,167.7,99.9,78.2,200.8,5397.3,12.1,45.8,31.07,SUV
20.44,2.77,304.8,91,69.9,153,5812.5,13.3,32.1,52.44,SUV
50.34,3.82,157.8,105.5,71.1,206.2,5068.7,18.1,47.3,31.13,SUV
29.11,2.26,590.5,86.4,78.6,187.3,2798.6,13.5,47.1,211,Sedan
21.65,5.58,121,95.6,76.4,177.4,5910.6,10.5,28.5,20.47,SUV
118.95,2.33,382.3,106.6,79.7,187.6,5677.7,16,33.3,67.33,SUV
48.85,5.48,402,105.9,76.6,192.9,2652.7,14.3,19.2,151.54,SUV
100.04,1.52,355.2,87.2,71.7,160.5,4235.1,14,49.6,83.87,Hatchback
41.74,4.28,421,114.5,73,179.2,4222.1,24.3,21.1,99.71,SUV
86.56,5.53,131.6,112.5,78.5,173.5,3770.1,13.6,41.3,34.91,SUV
94.82,1.84,364.2,88.9,73.3,174.5,5937.1,11.9,22.5,61.34,SUV
77.54,5.84,222.2,132.2,68.8,156.4,2238.5,11.9,22.5,99.26,SUV
64.52,3.26,568.3,90,71.5,161.2,4508.8,22.1,14.2,126.04,Truck
58.24,5.73,473.9,127.7,72.7,161.3,2821.2,20.7,32.4,167.98,SUV
51.63,4.38,585.4,85,66.5,176.1,4109.3,11.9,19.8,142.46,SUV
112.6,2.51,89.9,129.1,76.2,212.6,5119,13.3,15.9,17.56,SUV
102.22,1.94,221.1,86,66.6,164.4,2986.9,21.2,19.1,74.02,Hatchback
116.33,2.52,173.6,122.9,71.1,179.1,3573.4,14.1,20,48.58,Sedan
28.05,1.47,75.9,103.1,77.1,171.8,5803.1,24.7,30.2,13.08,SUV
91.74,1.72,198.4,121.9,72,205.1,5045.9,18.1,25.4,39.32,SUV
113.53,1.52,429.8,105.1,77.6,153.5,4290.9,12.9,13,100.17,Hatchback
34.03,3.11,192.5,88.5,70.1,163.8,2888,22.9,31.4,66.66,Truck
21.98,4.98,339.8,123.4,79.4,164.7,3701.2,14.8,41.5,91.81,SUV
92.82,1.71,540.5,88.6,68.1,219.5,5096.2,14.3,33,106.06,SUV
75.32,1.65,437.7,131.1,65.6,190,5282.2,14.9,49,82.86,SUV
103.39,4.22,279.2,87.5,78.1,159.7,2978.4,21.5,14,93.74,SUV
29.68,1.99,267.4,109,76.3,169.1,4648.2,12.6,42.8,57.53,Hatchback
98.5,1.49,311.5,121.2,68.5,161.7,2380,15.7,30.2,130.88,Hatchback
36.17,1.83,163.8,104.7,79.8,158.7,2092.8,10.5,30.9,78.27,Hatchback
32.18,5.62,406,95.9,72.5,205.8,4194.7,22.4,30.8,96.79,SUV
32.25,5.11,263,123,79.3,184.7,2897.5,15.1,23,90.77,SUV
100.53,2.77,521.8,124.2,72.6,194.2,2315.6,13.7,23,225.34,Sedan
84.85,4.28,471,131.1,72.1,173.2,4919.3,18.7,35.3,95.75,SUV
69.92,3.69,393.6,103.8,71.7,188.8,3991.9,20.6,11.8,98.6,Truck
52.68,4.39,263,110.3,70,168,5185.1,22.2,33.6,50.72,SUV
107.11,4.41,181.3,103.2,73,171.6,4655.8,15.2,39,38.94,SUV
56.21,4.14,481.4,97.9,71.8,195.7,4919.2,22.2,24.3,97.86,SUV
100.74,2.33,327.8,122.6,65.6,160.5,3229.4,17,18.7,101.5,Sedan
61.11,1.2,189.1,102,68.9,193.2,3053.1,11.5,18.5,61.94,Hatchback
54.58,3.28,173.4,106.4,68.2,209.7,4403.5,22.7,13.3,39.38,Truck
63.58,5.45,157.7,105.2,78,158.4,2800.3,18.2,13.6,56.32,SUV
46.64,3.85,481.9,120.6,74,212.8,5261.6,19,16.7,91.59,SUV
93.5,5.16,191.4,130.9,76.5,155.6,4091.7,24.1,10.8,46.78,SUV
67.79,5.96,349.1,118.3,79.4,174.4,2908,18.4,20.6,120.05,SUV
39.38,1.82,309.3,108.6,74.7,192.7,4500.7,10.1,22.3,68.72,Hatchback
109.46,4.46,377.2,124,79.7,189.2,5780.1,23.1,49.8,65.26,SUV
55.31,4.37,534.9,117,69.7,156.7,2328.4,14.3,49.7,229.73,SUV
72.07,5.9,529.9,88,67.8,205.9,2437.4,17.5,17.5,217.4,SUV
110.18,5.93,309.1,89.8,71,218.1,5375.4,13.1,18.5,57.5,SUV
80.54,4.43,78.1,86.9,72.1,162.7,2438.4,14.5,29.7,32.03,SUV
27.27,2.22,296,107.8,78.4,212.7,2157.5,20.3,16,137.2,Sedan
113.68,4.99,391.3,126.3,73.4,189,3391.7,16.4,30.2,115.37,SUV
80.91,1.54,365.6,100.7,69.4,215.5,3866.8,19.4,26,94.55,Hatchback
50.17,4.9,415.2,104.2,76.1,162.3,4277.8,22.4,23,97.06,SUV
29.62,5.55,151.7,130.5,72.6,205.4,4029.2,15.1,42.9,37.65,SUV
98.37,2.91,412.7,126.8,67.4,154.2,5652.7,18.5,43.1,73.01,SUV
80.11,4.15,166.8,118.3,73.7,211.8,5074.7,21.7,49.5,32.87,SUV
71.01,3.15,467.8,98.3,78.7,197.2,5935.2,20.7,18.9,78.82,SUV
108.86,3.19,249.7,90.9,77.6,175.9,3905.8,18.1,45.5,63.93,Truck
97.8,2.55,446.2,85.8,73.8,163.3,2337.3,15.8,31.5,190.9,Sedan
30.93,4.81,95.4,90.4,70.7,207.2,5822.1,16.1,33.7,16.39,SUV
47.73,5.68,286.2,99.6,66.3,192.2,2016.5,16.5,45.9,141.93,SUV
41.09,5.7,443.7,112.6,72,175.2,5104.4,15.2,47.7,86.93,SUV
93.11,1.87,190.2,88.2,76.3,181.1,2125.1,20.5,39.1,89.5,Hatchback
18.52,5.37,491.5,91.8,70.4,207.9,5044.9,11.9,23.9,97.43,SUV
74.84,4.69,404.3,94.1,68.5,173.7,5751.8,24.5,29.6,70.29,SUV
95.06,2.26,381.4,116.6,79,156.3,3557,21.7,34.6,107.23,Sedan
107.06,1.34,257.4,115.8,77.3,213.8,2963.9,14.5,43.1,86.85,Hatchback
50.92,2.34,325.7,112.5,74.6,177.1,2905.1,10.6,36.3,112.11,Sedan
101.23,5.56,386.6,97.5,67.1,174.4,3966.9,20.7,24.6,97.46,SUV
26.62,4.17,320.4,103.6,67.2,164.3,2683.5,21,26.7,119.4,SUV
103.88,4.61,440.1,89.8,66.5,212.8,4691.7,24.5,12,93.8,SUV
28.39,2.29,299.9,96.3,74.2,165.2,3473.4,13.8,47,86.34,Sedan
56.72,4.6,177.2,129.9,66.7,194.6,3292.4,11.2,13.5,53.82,SUV
98.72,1.14,183.4,134,77.6,211.7,3845.1,23.7,33.2,47.7,Hatchback
30.74,2.88,73.1,117.4,79.9,152.4,4170.4,13.9,44.9,17.53,Sedan
39.07,4.13,229.5,130.8,70.5,208,2567.7,20.8,26.8,89.38,SUV
90.84,1.73,466.9,117.1,71.8,178.7,4831.1,10.9,42,96.64,Hatchback
90.6,5.12,490.9,86.7,75.7,196.1,5531.8,21.4,42.2,88.74,SUV
82.32,2.18,177.3,134.8,79.1,176.1,3111.9,11.9,12.4,56.97,Sedan
87.86,4.26,578.3,89.9,78.4,198.7,2721.6,20.4,26.5,212.49,SUV
71.99,3.03,336.3,119.1,65.9,167.8,5042,18,37.6,66.7,SUV
41.44,3.98,556,97.6,67.5,151.5,2734.2,24.3,26.9,203.35,Truck
51.3,1.54,444.6,104.6,76.3,216.3,2165,10.6,31.8,205.36,Hatchback
34.07,1.08,452.9,117.3,75.3,151.1,4477,14.4,33.8,101.16,Hatchback
110.39,5.55,115.1,106.8,67,207.7,2959,11,16,38.9,SUV
76.26,2.35,186.6,97.5,72.5,161.8,2687.2,23.2,26.5,69.44,Sedan
57.09,5.1,74.7,101.7,76.7,177.5,5926.4,18.9,11.1,12.6,SUV
63.51,6,449.5,102.1,68.3,207.6,3167.5,18,16,141.91,SUV
114.46,2.06,252.6,133,78.1,164.4,5613.8,12,30.5,45,SUV
31.1,2.33,486.9,124.9,65.8,210.6,2712.9,17.3,32.9,179.48,Sedan
76.55,4.31,249.6,107.9,76.7,184.8,5275.9,16,15.8,47.31,SUV
68.12,5.83,504.2,95,74.2,175.6,4008.1,14.7,40.2,125.8,SUV
79.2,5.58,139.3,125.6,69.7,196.4,2314.4,21.6,24.9,60.19,SUV
16.9,3.51,161.9,92.9,75.8,173.9,4934.4,10.9,46.8,32.81,Truck
106.57,4.98,250.7,95.5,76.7,174.3,5568.3,19.7,25.5,45.02,SUV
112.87,1.68,286.5,103.3,79,201.3,2652.1,22.3,16,108.03,Hatchback
74.34,5.89,254.8,129,70.5,171.7,4902.4,23.6,40.3,51.97,SUV
88.15,5.82,474.7,91.6,75.3,164.1,3780.2,21.2,32.7,125.58,SUV
111.86,1.82,121.4,91.1,74,206.5,5015.5,14.2,25.5,24.2,SUV
89.26,2.5,256.1,109.7,72.9,206.4,4855.7,19,24.2,52.74,Sedan
31.02,1.5,513.7,98.8,78.4,184.8,2106.4,12.1,16,243.88,Hatchback
75.51,2.36,105.4,113.4,65,186.9,2714.9,11.8,23.6,38.82,Sedan
78.71,5.08,569.4,107.6,69.2,198.7,3884.1,19.6,11.2,146.6,SUV
59.53,2.89,592.7,106.7,73.1,185.6,5734.4,22.8,30.1,103.36,SUV
92.33,1.44,116.9,90.6,67.7,179.2,3368.3,11,45.9,34.71,Hatchback
113.11,2.71,224.4,92.1,78.6,219.6,4515.5,11.6,41.8,49.7,Sedan
112.18,5.91,267.4,126.1,74.7,160.3,2048.3,18.5,11.1,130.55,SUV
62.34,4.15,481.5,129.3,72.2,191.5,4844.5,13.3,45.3,99.39,SUV
26.89,3.08,385.8,96.7,77.2,212,4412.3,19.2,28.1,87.44,Truck
118.41,1.83,411.5,90.7,71.8,198.1,4861.6,13.2,17.6,84.64,Hatchback
103.08,5.93,471.5,87.7,73.4,211.7,5618.6,11.7,40.1,83.92,SUV
28.09,5.1,132.5,115.4,65,173.5,2586,18.2,22.9,51.24,SUV
111.69,2.41,511.6,120.8,70.5,169,3046.4,22.9,20.1,167.94,Sedan
106.34,1.35,444,103.6,67.1,209.6,5983.1,20.3,16.5,74.21,SUV
69.48,1.28,376,119,75.3,177.6,2625.1,22.3,29.5,143.23,Hatchback
77.08,1.6,541.6,120.6,72.2,199.7,4882.5,14,13.7,110.93,Hatchback
56.9,3.9,441.2,131.8,69.5,160.3,4900.3,23.3,41.4,90.04,Truck
20.75,5.64,176.9,88.2,72,202.9,4732,15.7,28.8,37.38,SUV
50.2,3.48,297.8,94.6,68.1,188.4,2909.8,22.8,27.9,102.34,Truck
99.3,5.21,331.8,88.4,78.9,168.8,2860.5,17.1,10.1,115.99,SUV
15.49,3.23,99.3,128.4,65.8,184.6,4665.4,14,42.7,21.28,Truck
50.02,4.54,576,124.6,78,198.8,2745,13.9,29.7,209.84,SUV
56.81,4.66,138.1,113.7,72.7,150.8,4646.3,18.5,27.6,29.72,SUV
71.43,1.87,439.7,89.2,74.3,194.6,3970.1,11.2,40.5,110.75,Hatchback
111.58,2.81,338.3,98.7,69.5,187.9,3546.5,24,12.5,95.39,Sedan
51.37,4.19,83.6,99.9,79.5,165.4,3200.9,14.1,24.7,26.12,SUV
51.43,1.35,560.1,113,69.2,202.7,5790.3,15,33,96.73,SUV
92.44,2.81,521.5,97.9,73.8,171.2,4032.4,13.5,28.4,129.33,Sedan
62.48,3.67,347.9,88.6,79.9,169.4,4245,10,17.3,81.96,Truck
38.58,,191.3,121.5,78.2,183,5797,20.4,22,33,SUV
62.51,3.37,134.5,100,73,197.3,4615.5,18.9,22,29.14,Truck
29.79,5.08,262.6,107.6,79.9,215,5831.4,22.1,49.7,45.03,SUV
33.52,3.16,205.4,91.4,75.5,159.9,2425.5,10.6,23,84.68,Truck
67.33,4.98,338.5,125.1,68.1,177.8,5386.6,23.9,18.2,62.84,SUV
58.99,3.98,582.2,113.3,71.1,154.7,3341.7,15,42.9,174.22,Truck
111.06,5.43,374.7,130.1,70,203.1,5242,23.7,26.8,71.48,SUV
53.05,3.05,541.7,109.8,70.2,181.3,5422.5,11.6,27.8,99.9,SUV
75.96,4.02,415,132.1,76.4,199.5,3086,21.2,32,134.48,SUV
81.39,4.15,321.9,129.6,73.8,172.6,3635.3,18.7,33.8,88.55,SUV
16.37,3.09,522.9,113.8,65.6,209.1,4904.1,15.4,33.6,106.63,Truck
84.67,1.72,,131.7,78.2,187.4,2396.2,11.2,11.4,133.46,Hatchback
33.69,1.47,530.4,101.2,69.5,216.1,5022.1,19.1,42.8,105.61,SUV
115.91,1.08,224.5,103.3,80,155.5,2441.9,10.4,17.8,91.94,Hatchback
30.61,5.37,138.3,87.3,79.3,186,5657.8,17.5,21.7,24.44,SUV
,2.18,523.3,114.5,79.1,203.7,,19.1,16.9,168.51,Sedan
23.96,2.06,381.3,121.1,77.2,192,4302.4,21,40.7,88.62,Sedan
119.67,4.68,541.2,123.7,68.3,151.6,2468.6,24.9,33.3,219.23,SUV
67.73,2.6,567,92.5,73,218.1,3078,13.9,,184.21,Sedan
77.52,3.53,98.4,107.2,68.4,170.9,3615.8,14.8,36.1,27.21,Truck
22.04,1.81,335.5,93.8,68.9,167.4,3948.2,15.1,14.2,84.98,Hatchback
93.75,5.8,268.7,118.1,74.2,184,2000.3,21,22.1,134.33,SUV
37.04,5.26,401.7,92.9,65.6,188,5554.6,24,30.3,72.32,SUV
109.3,5.32,490.6,130.2,79.5,203.6,2030.7,24.6,22.2,241.59,SUV
36.54,3.03,218.7,96.5,78.8,177.5,5094.7,24.2,18.3,42.93,SUV
35.02,4.81,365.1,99.6,70.7,180.8,3882.3,23.2,44.8,94.04,SUV
18.84,1.72,445.6,127.5,72.7,187.4,4095.5,24.9,39.9,108.8,Hatchback
64.57,1.04,141.2,107.9,72,177.6,2833.1,15.6,23.8,49.84,Hatchback
74.31,1.1,501.5,86.2,78.2,214,4429.5,24.2,40.6,113.22,Hatchback
21.9,3.93,391.2,109.7,75.3,209.6,4148.9,21.4,35.1,94.29,Truck
96.43,3.28,573.3,89.2,69.2,181.8,2656.9,12.5,10.2,215.78,Truck
62.6,3.59,250,134.3,71.7,150,2952.5,10.7,25.2,84.67,Truck
70.06,1.04,127.3,114.4,71.4,213.1,2267.6,13.2,21.6,56.14,Hatchback
61.28,3.11,338.4,97.8,79.4,158.7,2265.1,21.7,18.7,149.4,Truck
57.08,4.59,115.5,113.2,67.6,167.1,2055.1,19.5,20.1,56.2,SUV
73.76,3.21,583.8,88.8,66.3,160.7,2881.9,13.4,47.7,202.57,Truck
31.3,4.66,90.5,125,78.2,162.6,4718.6,21.1,29.5,19.18,SUV
34.1,2.17,469.4,131.3,78.5,206.2,3264.9,12.1,43.9,143.77,Sedan
105.49,5.07,348.3,128.7,78.1,190.6,3370.9,22.3,18.6,103.33,SUV
114.34,3.94,265.4,102.1,72.7,216.9,2527.6,21.9,17,105,Truck
54.2,2.05,104.9,101.3,74.9,166.2,4301.9,24.6,45.6,24.38,Sedan
43.43,2.18,399.7,86.8,73.5,184,3368.6,12.3,29.8,118.65,Sedan
82.62,4.14,380.2,117.6,66,218.4,4705.3,23.6,45.8,80.8,SUV
57.92,5.15,218.9,111.7,73.9,207.9,4965.8,15.1,12.5,44.08,SUV
17.67,3.08,552.4,108,65.2,201,4338.8,16.2,46.7,127.32,Truck
31.4,2.29,231.2,130.4,69.9,163.2,3104.3,17,26.6,74.48,Sedan
90.18,5.34,308.4,93.4,79,203.9,4034.4,19.4,16.2,76.44,SUV
84.19,4.35,358.2,85.5,69.6,174.3,3007.7,24.9,37.3,119.09,SUV
17.85,3.24,123.1,88.7,79.1,187.1,5611.7,19,41.9,21.94,SUV
38.31,3.44,564,96.2,68.8,192.6,5065.5,23.9,11.9,111.34,SUV
39.26,2.02,268.5,86.7,69.7,192.7,3972,13.8,49.5,67.6,Sedan
85.55,4.13,112.8,110.1,74.4,200.9,5861.8,16,37.9,19.24,SUV
17.07,2.79,275.3,100.7,76.4,196.3,4187,17.6,22.9,65.75,Sedan
25.93,5.98,388.1,94,72.5,154.8,3314.1,14.8,16.1,117.11,SUV
98.99,3.4,342.2,122.5,78.2,182,2381.9,24.7,25.7,143.67,Truck
33.75,3.43,438.1,95.2,65.6,196.5,4175,20.9,18.8,104.93,Truck
83.54,3.83,99.4,119.4,78.8,170.7,5441.7,17.2,29.8,18.27,SUV
40.01,5.58,220.8,102.5,67.9,171.9,5466.9,21.3,41.3,40.39,SUV
25.44,5,504.2,110.6,78.3,158.7,4418.3,17,36.4,114.12,SUV
40.53,3.26,112.3,131.7,71,179.3,3573.8,10.3,27.4,31.42,Truck
90.84,4.59,523.4,86.9,77.5,219.1,4601.2,18.1,14.8,113.75,SUV
104.85,3.93,118.7,110,75.1,170,5048.6,19.4,48.3,23.51,SUV
102.17,3.46,512.3,127.7,67.6,187.2,3646.5,24.7,20.8,140.49,Truck
56.7,1.96,261.2,114.4,78.8,202,3905,10.6,21.1,66.89,Hatchback
85.15,3.32,394.5,98.8,68.7,150.9,4722.5,17.7,35.8,83.54,Truck
36.52,2.23,151,104.9,68.7,213,5506.6,11.5,40.8,27.42,SUV
45.78,5.57,105.1,119,77.2,177.1,5164,12.2,49.4,20.35,SUV
109.12,2.68,184.4,129.5,66.6,210.8,2089.6,19.2,48.8,88.25,Sedan
16.37,5.76,137.8,87.1,68.3,152.7,2497.5,13.5,46.6,55.18,SUV
23.98,3.67,235.6,88.6,72.6,160.2,5411.1,21.2,27.4,43.54,SUV
36.83,4.16,342.6,101.3,77.5,172.6,5335.3,17.7,16.7,64.21,SUV
17.79,3.71,382,96.6,67.2,174.2,3555.2,13.3,33.4,107.45,Truck
34.05,1.65,488.6,98.2,73.2,209.3,4337.1,17.4,10.7,112.66,Hatchback
76.22,2.88,417.8,96.1,75.7,150.8,5623.4,10,17.8,74.3,SUV
59.25,1.5,392.6,94.8,77.9,194.9,5646.2,22.9,10.1,69.53,SUV
108.73,4.11,288.2,91.5,79,159.2,5132.4,10.2,17.2,56.15,SUV
100.83,3.23,321.1,131.7,76.8,207.6,2838.4,10.1,29,113.13,Truck
50.89,4.89,289.7,92.2,74.8,204.5,4921.1,19.2,25.7,58.87,SUV
42.24,2.1,516.3,95.2,71.5,185,2404.4,24.6,24.8,214.73,Sedan
54.87,1.82,191.9,97.3,66.7,164.9,5575.8,22.8,43.2,34.42,SUV
76.98,3.03,73,131.7,75.6,194.4,2596.6,13.8,37,28.11,Truck
43.15,5.63,415.2,122.8,79.9,160.9,4649.4,13,47.5,89.3,SUV
80.54,4.55,177.3,124.5,76.1,163.3,4441,19.4,27.8,39.92,SUV
57.99,3.09,541.8,90.2,65.3,193.9,5107.6,22.3,20.9,106.08,SUV
72.96,3.59,525.3,126.8,72.4,219.4,4206.3,15.4,14.9,124.88,Truck
60.79,1.42,110.7,105.4,74.2,212.4,2238.3,16.5,36.9,49.46,Hatchback
45.92,5.92,126.4,98.1,75.3,191.5,4823.4,11.7,43.7,26.21,SUV
114.59,4.33,332.4,113.8,75.8,187.7,3532.6,12.3,17.3,94.1,SUV
95.18,2.43,392.9,126.1,73.4,219.9,3281.1,18.5,45.2,119.75,Sedan
29.71,3.93,215.7,123.9,68.4,188.3,5966.7,11.5,31.1,36.15,SUV
106.19,1.55,449.9,129.5,79.1,179.4,4361.6,13,15.8,103.15,Hatchback
66.18,5.83,385.3,131.4,75.4,213.7,4842.9,13.5,35.7,79.56,SUV
108.93,1.87,242.2,96.9,68.6,166.4,4105.3,16.7,30.8,59,Hatchback
98.98,4.24,83.4,106.2,69.8,156.8,5079.9,10.7,11.1,16.42,SUV
59.65,2.23,467.6,85.7,78.8,194.4,5008.3,17.5,26,93.37,SUV
17.36,4.59,183.8,129,78.3,156.7,4628.6,23.9,41.4,39.71,SUV
43.21,4.88,512.3,92.7,71.1,176.1,5991,10.4,32.2,85.51,SUV
71.87,4.37,292.8,128.1,65.6,179.7,3839.2,19.5,21.3,76.27,SUV
81.52,4.07,375.9,101.5,65.7,188.3,4824.8,22.5,47.1,77.91,SUV
42.08,5.46,532.7,103.4,69.3,219.4,5191.1,14.7,19.5,102.62,SUV
29.63,1.39,527.7,87,74.4,165.5,3504.1,12,20.1,150.6,Hatchback
102.67,2.65,266.9,101.3,73.8,176.3,3828.7,10.7,24.2,69.71,Sedan
118.36,2.24,180.7,129.4,74.5,159.3,5876.7,19.7,45.8,30.75,SUV
70.2,5.94,480.8,86.3,75.8,192.5,2129.2,18.3,30.3,225.81,SUV
33.03,2.95,299.5,105.3,65.3,200.9,3341.2,13.4,37.3,89.64,Sedan
43.59,4.66,171.8,86.6,66.6,183.7,3944.9,22.5,49.1,43.55,SUV
16.93,4.42,549.3,103.5,70.4,167.2,2005.9,21,41.3,273.84,SUV
111,2.06,175,93.6,67.3,193.5,5596.5,14.1,16.9,31.27,SUV
27.36,2.19,83.7,97.6,66.1,187.7,3145,21.3,41.5,26.61,Sedan
75.53,2.41,80.7,128.9,74.6,162,3030.8,13.7,39.9,26.63,Sedan
43.78,3.06,399.8,106.8,77.2,178.4,5281.3,20.1,19.3,75.7,SUV
73.19,2.17,420.7,98.7,76.3,180.5,3111.9,11.8,23,135.19,Sedan
83.4,1.1,234.9,114.5,77.3,218.8,4630.5,20.4,38.4,50.73,Hatchback
102.12,5.4,239.6,92.1,75,209.5,5286,13.6,19.5,45.33,SUV
36.67,5.83,249.9,98,76,201.4,5169.9,18.6,18.3,48.34,SUV
16.15,2.71,430.5,112.3,69.1,212.2,5127.8,12.6,38.1,83.95,SUV
29.37,2.69,100.8,96.9,79.9,201.5,2354.6,20.9,45.2,42.81,Sedan
109.5,1.04,562.4,119,67.7,213.2,2319.4,10.9,13,242.48,Hatchback
106.76,4.4,187.9,109.6,68.2,153.8,3227.1,12.5,27.8,58.23,SUV
77.73,5.13,599.8,123.6,69.3,181.9,2143.8,12.8,34.3,279.78,SUV
78.05,1.73,160.9,132.4,79.6,202.3,4001.7,10.6,37.1,40.21,Hatchback
84.83,1.8,478.9,90.8,79.8,190.8,3579.1,21.2,49.8,133.8,Hatchback
33.41,4.95,188.4,101.7,76.9,162.3,4228.1,24.7,37.3,44.56,SUV
111.01,4.08,112.8,101,74.4,173.8,3195.2,21.7,34.8,35.3,SUV
58.97,1.22,533.7,92.6,72.8,172.2,3943,22.9,49.6,135.35,Hatchback
55.23,4.11,525.1,125.5,79.6,168.3,3339,10.1,12.4,157.26,SUV
69.49,2.54,283.9,123,75.4,174,2780.8,11.8,13,102.09,Sedan
19.93,2.84,442.3,109.2,79.2,186,4597.5,18.4,32.4,96.2,Sedan
32.46,4.85,365.2,111.9,69.7,209.8,4693.7,24.7,24.3,77.81,SUV
92.49,5.05,522.1,88,70,201.9,5316.9,19.9,13.9,98.2,SUV
23.69,3,237,112.8,77.8,208.5,5499,15.6,22.3,43.1,SUV
78.33,5.74,347.5,124.6,67.2,211.9,4817.8,12.2,37,72.13,SUV
40.76,3.03,327.2,113.7,79.2,179.1,4750,12.3,45.2,68.88,Truck
55.88,4.86,257.6,98.3,72.6,174.2,2226.7,15.4,13.8,115.69,SUV
45.31,3.42,542.5,118.4,78.9,154,2439.1,20.7,31.6,222.42,Truck
52.35,5.49,157.9,103.1,70.1,215.1,5250.3,10.5,21.8,30.07,SUV
90.5,5.54,149.2,112.2,75.7,154.6,2931.8,22.8,36.7,50.89,SUV
46.2,1.44,375.8,109.4,72.2,201.9,3422.3,24.1,32,109.81,Hatchback
74.47,5.68,418.5,104.1,74.4,176.5,2581.2,23.3,47.1,162.13,SUV
64.99,5.13,173.1,120.9,72.6,216.4,2780.6,23.7,11.5,62.25,SUV
84.69,4.96,277.1,129.2,79.5,179.4,5101.7,10.2,28.8,54.32,SUV
113.37,2,571.7,85.3,75.4,207.2,3047.4,24.7,17.7,187.6,Hatchback
91.92,5.03,200.7,131.7,68.8,169.8,3796.1,15.5,31.5,52.87,SUV
37.57,5.25,424.2,110.6,78.6,170.9,2606.7,23,44.1,162.73,SUV
18.27,2.45,462.3,120,69.4,191.7,4711.7,12.8,46.5,98.12,Sedan
42.54,5.76,307.5,127.8,70.6,219.9,4913.1,16.7,25.9,62.59,SUV
77.48,1.25,566.9,108.4,66.5,186.2,3446.8,10.7,42.5,164.47,Hatchback
20.4,1.75,460.4,126.7,78.5,215.5,5139,10.6,21.2,89.59,SUV
67.12,3.69,312.7,93.9,69.3,205,2959.6,24.1,10.3,105.66,Truck
77.67,3.88,371.7,93,68.9,205.7,4767.6,22.2,44.2,77.96,Truck
50.1,4.23,437.1,117.9,78.8,180.5,4919.9,17.9,14.8,88.84,SUV
95.95,1.08,383.9,128.5,77.1,177.1,5874.6,17.9,10.7,65.35,SUV
26.19,5.8,535.7,129.6,67.1,163.4,2929.3,21.2,24.2,182.88,SUV
22.89,1.22,259.2,117.2,76.5,217.5,2374.8,15.1,25.2,109.15,Hatchback
91.46,1.72,228.9,111.3,78.7,217.2,3052.1,21.4,13.1,75,Hatchback
67.03,1.07,183.3,101.6,66.2,202.3,2491.4,17.3,42.6,73.57,Hatchback
87.28,3.83,90,134,77.4,170.7,2678.8,19.6,26.2,33.6,Truck
60.66,5.66,92.8,101,73.2,167.2,3336.5,24.5,29.6,27.81,SUV
40.87,4.33,531.1,122.2,75,219.2,3656,17.1,20.6,145.27,SUV
101.01,5.11,429.5,111.6,72.4,154.7,5614.9,16.3,30.5,76.49,SUV
98.94,1.07,420.1,115.4,75.5,209,2782.5,23.6,40.7,150.98,Hatchback
87.94,3.71,395.8,104.7,65.5,174.9,5887,23.5,46.2,67.23,SUV
43.58,3.3,520.1,133.2,76.4,179.3,5240.6,24.9,48.8,99.24,SUV
76.97,3.49,324.5,113.6,65.5,208.2,5525.9,18.3,27.1,58.72,SUV
52.9,1.36,531.3,131.9,71.8,156.3,5717.8,15.2,49.6,92.92,SUV
24.62,4.42,260.5,85.4,67.3,174.8,5013,13.6,21.8,51.96,SUV
111.32,3.52,561.2,113.6,77.4,216.6,5155.1,10.5,10.3,108.86,SUV
29.37,4.83,440.3,120.9,69.7,198.9,3751.3,20.9,40.7,117.37,SUV
